"s1","s2","t","MBT.norm","speed.norm","profil.norm","steel.norm","invRad.norm"
3,3,0.923287671232877,0.420530099972448,0.578947368421053,0.655172413793103,0.3,0.63
3,5,2.91506849315068,0.420530099972448,0.736842105263158,0.655172413793103,0.3,0.248684210526316
3,4,2.4986301369863,0.510951888281492,0.447368421052632,0.862068965517241,0.3,0.364175181750392
1,1,0.115068493150685,0.510951888281492,0.447368421052632,0.862068965517241,0.3,0.494449865661373
3,3,1.76438356164384,0.420530099972448,0.421052631578947,0.655172413793103,0.3,0.427894172036097
1,4,2.32328767123288,0.420530099972448,0.421052631578947,0.862068965517241,0.3,0.378
4,4,0.361643835616438,0.290645376347627,0.736842105263158,0.862068965517241,0.75,0.378
3,5,1.54520547945205,0.515767998234882,0.368421052631579,0.862068965517241,0.75,0.187872763419483
1,1,0.731506849315068,0.420530099972448,0.421052631578947,0.862068965517241,0.3,0.375253146964222
3,3,2.15068493150685,0.420530099972448,0.578947368421053,0.482758620689655,0,0.0236381664587175
3,3,0.679452054794521,0.420530099972448,0.578947368421053,0.862068965517241,0.3,0
2,2,1.96164383561644,0.11705866117103,0.473684210526316,0.655172413793103,0.3,0.232758620689655
2,4,3.26575342465753,0.11705866117103,0.289473684210526,0.482758620689655,0,0
1,5,1.63287671232877,0.11705866117103,0.342105263157895,0.482758620689655,0,0.128571428571429
2,2,0.991780821917808,0.11705866117103,0.552631578947368,0.655172413793103,0.3,0.2
2,2,2.86575342465753,0.11705866117103,0.552631578947368,0.655172413793103,0.3,0
4,4,0.635616438356164,0.11705866117103,0.552631578947368,0.482758620689655,0,0.135
2,2,3.20547945205479,0.116438667725067,0.289473684210526,0.482758620689655,0,0
2,2,3.94794520547945,0.116438667725067,0.289473684210526,0.482758620689655,0,0
2,2,2.87123287671233,0.116438667725067,0.5,0.655172413793103,0.75,0
2,2,1.89041095890411,0.116438667725067,0.5,0.482758620689655,0,0
4,4,0.753424657534247,0.116438667725067,0.315789473684211,0.482758620689655,0,0
3,3,1.36438356164384,0.0953861832781977,0.578947368421053,0.482758620689655,0,0.192857142857143
2,2,0.980821917808219,0.111185434984655,0.394736842105263,0.482758620689655,0.3,0.240764331210191
2,2,2.03287671232877,0.111185434984655,0.394736842105263,0.482758620689655,0.3,0.240764331210191
2,2,0.980821917808219,0.111185434984655,0.394736842105263,0.482758620689655,0,0.240764331210191
2,2,0.980821917808219,0.111185434984655,0.394736842105263,0.482758620689655,0,0.240764331210191
2,2,3.98356164383562,0.111185434984655,0.421052631578947,0.655172413793103,0.75,0.55425219941349
2,3,1.47123287671233,0.111288414632778,0.473684210526316,0.655172413793103,0.3,0.0931034482758621
1,3,2.01643835616438,0.111305034936974,0.578947368421053,0.482758620689655,0,0.0945
2,4,3.92602739726027,0.111516671766985,0.473684210526316,0.482758620689655,0.3,0
2,2,3.89315068493151,0.108612268539453,0.263157894736842,0.482758620689655,0.3,0
1,3,1.23287671232877,0.100540092972589,0.289473684210526,0.482758620689655,0.3,0
3,3,0.734246575342466,0.112300326882655,0.368421052631579,0.482758620689655,0.3,0
2,4,0.0958904109589041,0.112300326882655,0.368421052631579,0.482758620689655,0.3,0
3,4,3.07671232876712,0.112158631861438,0.105263157894737,0.655172413793103,0.3,0
2,5,0.112328767123288,0.112158631861438,0.315789473684211,0.655172413793103,0.3,0
4,5,0.350684931506849,0.111896512293713,0.210526315789474,0.482758620689655,0.3,0.4725
3,4,1.08219178082192,0.102788761327322,0.210526315789474,0.482758620689655,0.3,0.222352941176471
3,5,1.86575342465753,0.111760866549542,0.263157894736842,0.655172413793103,0.75,0.642857142857143
3,3,3.83561643835616,0.130438276407811,0.578947368421053,0.482758620689655,0.3,0
2,2,0.69041095890411,0.130438276407811,0.578947368421053,0.482758620689655,0.3,0.634228187919463
2,3,3.63561643835616,0.130438276407811,0.210526315789474,0.482758620689655,0.3,0.236545682102628
2,2,3.20821917808219,0.131871272411828,0.289473684210526,0.482758620689655,0.3,0.364161849710983
2,2,1.17808219178082,0.1313435659254,0.421052631578947,0.482758620689655,0.3,0.0935643564356436
4,4,0.279452054794521,0.1313435659254,0.289473684210526,0.655172413793103,0.75,0.78099173553719
1,4,2.02739726027397,0.130829613940411,0.289473684210526,0.655172413793103,0.3,0
2,2,1.02739726027397,0.130829613940411,0.289473684210526,0.655172413793103,0.75,0.265822784810127
2,2,1.02739726027397,0.130829613940411,0.289473684210526,0.655172413793103,0.75,0.265822784810127
2,3,0.232876712328767,0.130829613940411,0.289473684210526,0.655172413793103,0.75,0
1,2,3.2986301369863,0.130829613940411,0.447368421052632,0.482758620689655,0,0.129452054794521
2,2,0.997260273972603,0.0668929393676433,0.578947368421053,0.655172413793103,0.75,0
1,3,1.24109589041096,0.0668929393676433,0.578947368421053,0.655172413793103,0.75,0
2,4,1.08493150684932,0.0253638210948551,0.289473684210526,0.655172413793103,0.3,0.444705882352941
2,2,1.08493150684932,0.0253638210948551,0.289473684210526,0.655172413793103,0.3,0.444705882352941
5,5,0.147945205479452,0.159291381333421,0.210526315789474,0.655172413793103,0.75,0
2,3,1.24109589041096,0.0366194641916729,0.421052631578947,0.482758620689655,0,0.444705882352941
2,3,1.12602739726027,0.15597920276125,0.157894736842105,0.655172413793103,0.3,0
2,3,1.12602739726027,0.15597920276125,0.157894736842105,0.655172413793103,0.3,0
1,3,3.12602739726027,0.15597920276125,0.157894736842105,0.655172413793103,0.3,0
2,4,1.12054794520548,0.15597920276125,0.289473684210526,0.655172413793103,0.75,0.04725
2,4,1.18904109589041,0.15597920276125,0.289473684210526,0.655172413793103,0.75,0.04725
2,2,1.0958904109589,0.15597920276125,0.289473684210526,0.655172413793103,0.75,0.04725
2,2,0.819178082191781,0.1546697133935,0.157894736842105,0.655172413793103,0.75,0.63
2,2,0.819178082191781,0.1546697133935,0.157894736842105,0.655172413793103,0.75,0.63
2,2,2.01643835616438,0.1546697133935,0.210526315789474,0.655172413793103,0.75,0
2,2,0.819178082191781,0.1546697133935,0.157894736842105,0.655172413793103,0.75,0
2,2,0.819178082191781,0.1546697133935,0.157894736842105,0.655172413793103,0.75,0
2,2,0.819178082191781,0.1546697133935,0.157894736842105,0.655172413793103,0.75,0
2,2,0.528767123287671,0.1546697133935,0.157894736842105,0.655172413793103,0.75,0.429545454545455
2,2,2.44657534246575,0.1546697133935,0.289473684210526,0.655172413793103,0.75,0
2,2,0.975342465753425,0.1546697133935,0.289473684210526,0.655172413793103,0.3,0.315
2,2,0.578082191780822,0.1546697133935,0.289473684210526,0.655172413793103,0.75,0.315
2,3,1.25479452054795,0.228595866685127,0.473684210526316,0.862068965517241,0.75,0
2,3,1.25479452054795,0.228595866685127,0.473684210526316,0.862068965517241,0.75,0
2,3,1.25479452054795,0.228595866685127,0.473684210526316,0.862068965517241,0.75,0
2,3,1.25479452054795,0.228595866685127,0.473684210526316,0.862068965517241,0.75,0
3,3,1.07123287671233,0.11705866117103,0.473684210526316,0.655172413793103,0.3,0
2,5,3.34246575342466,0.11705866117103,0.342105263157895,0.482758620689655,0,0.128571428571429
3,3,0.56986301369863,0.11705866117103,0.289473684210526,0.482758620689655,0,0.155045118949959
1,1,2.01643835616438,0.11705866117103,0.342105263157895,0.482758620689655,0,0.128571428571429
1,1,0.673972602739726,0.11705866117103,0.289473684210526,0.482758620689655,0,0
2,2,1.17808219178082,0.116438667725067,0.394736842105263,0.482758620689655,0,0.233333333333333
3,3,1.10958904109589,0.116438667725067,0.289473684210526,0.482758620689655,0,0.233333333333333
3,4,1.86027397260274,0.116438667725067,0.289473684210526,0.482758620689655,0,0.233333333333333
3,3,2.12876712328767,0.116438667725067,0.289473684210526,0.482758620689655,0,0
4,4,0.136986301369863,0.116438667725067,0.289473684210526,0.482758620689655,0,0.0756
3,4,3.96164383561644,0.116438667725067,0.5,0.482758620689655,0,0
2,2,0.980821917808219,0.116438667725067,0.5,0.482758620689655,0,0
3,4,1.35616438356164,0.116438667725067,0.578947368421053,0.482758620689655,0,0.392931392931393
2,2,0.994520547945206,0.116438667725067,0.578947368421053,0.482758620689655,0,0.392931392931393
2,2,1.07671232876712,0.116438667725067,0.578947368421053,0.482758620689655,0,0.392931392931393
2,2,3.27123287671233,0.116438667725067,0.578947368421053,0.482758620689655,0,0.392931392931393
2,2,0.994520547945206,0.116438667725067,0.578947368421053,0.482758620689655,0,0.392931392931393
2,2,2.03287671232877,0.116438667725067,0.578947368421053,0.482758620689655,0,0.392931392931393
2,2,2.31506849315068,0.116438667725067,0.578947368421053,0.482758620689655,0,0.392931392931393
3,3,0.772602739726027,0.116438667725067,0.315789473684211,0.482758620689655,0,0
4,4,0.657534246575342,0.116438667725067,0.315789473684211,0.482758620689655,0,0
4,4,0.654794520547945,0.116438667725067,0.578947368421053,0.482758620689655,0,0
1,4,0.673972602739726,0.0953861832781977,0.578947368421053,0.482758620689655,0,0
4,4,0.136986301369863,0.111185434984655,0.421052631578947,0.482758620689655,0,0.601910828025478
2,2,0.980821917808219,0.111185434984655,0.552631578947368,0.655172413793103,0.3,0.094170403587444
2,2,1.07671232876712,0.111185434984655,0.552631578947368,0.655172413793103,0.3,0.094170403587444
4,4,0.136986301369863,0.111185434984655,0.552631578947368,0.482758620689655,0.3,0
3,3,0.649315068493151,0.111185434984655,0.394736842105263,0.482758620689655,0.3,0
3,3,1.34794520547945,0.111185434984655,0.368421052631579,0.482758620689655,0,0
3,3,0.649315068493151,0.111185434984655,0.368421052631579,0.482758620689655,0,0.0794117647058824
1,1,1.14794520547945,0.111185434984655,0.368421052631579,0.482758620689655,0.3,0.116666666666667
4,4,0.136986301369863,0.111185434984655,0.263157894736842,0.482758620689655,0,0.0754792332268371
3,3,1.74520547945205,0.111288414632778,0.263157894736842,0.482758620689655,0,0.0665492957746479
3,3,1.86027397260274,0.111288414632778,0.447368421052632,0.482758620689655,0.3,0
3,4,0.652054794520548,0.111288414632778,0.447368421052632,0.482758620689655,0.3,0.533898305084746
1,4,0.915068493150685,0.111252598857285,0.394736842105263,0.482758620689655,0,0.627906976744186
3,3,1.22739726027397,0.111252598857285,0.342105263157895,0.655172413793103,0.3,0.213800904977376
3,4,0.772602739726027,0.111252598857285,0.342105263157895,0.655172413793103,0.3,0.213800904977376
2,3,1.09041095890411,0.0978076176335655,0.289473684210526,0.482758620689655,0,0.0366990291262136
1,4,2.01643835616438,0.111305034936974,0.5,0.482758620689655,0,0.665492957746479
2,4,1.98630136986301,0.111305034936974,0.578947368421053,0.482758620689655,0,0
1,1,1.1041095890411,0.111305034936974,0.5,0.482758620689655,0,0
3,3,0.772602739726027,0.111305034936974,0.5,0.482758620689655,0,0
3,3,0.772602739726027,0.111305034936974,0.5,0.482758620689655,0,0
1,4,0.926027397260274,0.111254646824822,0.421052631578947,0.482758620689655,0.3,0.193846153846154
2,3,0.76986301369863,0.111254646824822,0.421052631578947,0.482758620689655,0.3,0.193846153846154
2,4,0.76986301369863,0.111254646824822,0.421052631578947,0.482758620689655,0,0.315
2,4,0.76986301369863,0.111254646824822,0.421052631578947,0.482758620689655,0,0.315
3,4,0.76986301369863,0.111254646824822,0.421052631578947,0.482758620689655,0,0.315
3,3,1.11232876712329,0.111254646824822,0.526315789473684,0.482758620689655,0.3,0.09
3,3,2.95342465753425,0.111254646824822,0.526315789473684,0.482758620689655,0.3,0.09
2,4,1.96986301369863,0.111458558153532,0.368421052631579,0.482758620689655,0,0.36
1,1,1.11232876712329,0.111516671766985,0.578947368421053,0.482758620689655,0.3,0
1,3,1.86027397260274,0.111516671766985,0.578947368421053,0.482758620689655,0.3,0.189189189189189
1,3,3.01917808219178,0.111516671766985,0.315789473684211,0.482758620689655,0.3,0
3,3,1.34520547945205,0.112267870314639,0.289473684210526,0.482758620689655,0.3,0.189
1,1,1.06849315068493,0.108612268539453,0.263157894736842,0.482758620689655,0.3,0
1,1,3.01917808219178,0.108612268539453,0.263157894736842,0.482758620689655,0.3,0
2,4,2.03287671232877,0.112300326882655,0.368421052631579,0.482758620689655,0.3,0
2,3,2.85753424657534,0.112300326882655,0.368421052631579,0.482758620689655,0.3,0.189
3,3,2.22465753424658,0.112300326882655,0.368421052631579,0.482758620689655,0.3,0.189
1,4,1.89041095890411,0.112300326882655,0.368421052631579,0.482758620689655,0.3,0
3,3,0.271232876712329,0.112158631861438,0.315789473684211,0.655172413793103,0.75,0
3,3,0.150684931506849,0.111760866549542,0.236842105263158,0.482758620689655,0,0.275912408759124
2,2,2.72328767123288,0.130438276407811,0.368421052631579,0.482758620689655,0.3,0.480916030534351
2,2,3.04931506849315,0.130438276407811,0.210526315789474,0.482758620689655,0.3,0
2,2,1.72602739726027,0.130438276407811,0.210526315789474,0.482758620689655,0.3,0
1,2,1.93424657534247,0.130438276407811,0.210526315789474,0.482758620689655,0.3,0.236545682102628
1,2,2.81643835616438,0.130438276407811,0.210526315789474,0.482758620689655,0.3,0.236545682102628
2,2,0.843835616438356,0.11258271659771,0.210526315789474,0.482758620689655,0.3,0.273121387283237
2,2,1.27397260273973,0.11258271659771,0.210526315789474,0.482758620689655,0.3,0.273121387283237
1,3,1,0.122221425114506,0.421052631578947,0.482758620689655,0.3,0
2,2,0.687671232876712,0.1313435659254,0.421052631578947,0.655172413793103,0.75,0
1,3,1.33698630136986,0.130829613940411,0.289473684210526,0.655172413793103,0.75,0.384928716904277
3,3,0.567123287671233,0.130829613940411,0.289473684210526,0.655172413793103,0.75,0.384928716904277
3,3,0.567123287671233,0.130829613940411,0.289473684210526,0.655172413793103,0.75,0.384928716904277
2,2,0.232876712328767,0.130829613940411,0.157894736842105,0.655172413793103,0.75,0.75
1,4,0.673972602739726,0.130829613940411,0.447368421052632,0.482758620689655,0,0.129452054794521
3,3,3.06849315068493,0.130829613940411,0.447368421052632,0.482758620689655,0,0.129452054794521
1,1,3.79452054794521,0.116782280179208,0.236842105263158,0.482758620689655,0,0
1,5,1.62191780821918,0.116782280179208,0.236842105263158,0.482758620689655,0,0
3,3,1.14794520547945,0.116782280179208,0.368421052631579,0.482758620689655,0.3,0
2,2,1.93972602739726,0.159595521409966,0.368421052631579,0.482758620689655,0.3,0.378
2,2,2.17808219178082,0.0987673709214727,0.578947368421053,0.482758620689655,0.3,0.0945
1,2,2.1041095890411,0.0987673709214727,0.578947368421053,0.482758620689655,0.3,0.0945
1,1,2.78630136986301,0.0668929393676433,0.578947368421053,0.655172413793103,0.75,0
1,3,1.23835616438356,0.159311624444876,0.342105263157895,0.655172413793103,0.75,0.257142857142857
1,5,3.14246575342466,0.159311624444876,0.368421052631579,0.482758620689655,0,0
2,2,1.06575342465753,0.134332395431791,0.578947368421053,0.482758620689655,0.3,0
1,2,1.8,0.134332395431791,0.578947368421053,0.482758620689655,0,0.63
2,3,0.386301369863014,0.134332395431791,0.578947368421053,0.482758620689655,0,0.63
1,1,2.78904109589041,0.159410636578333,0.263157894736842,0.655172413793103,0.75,0
1,1,1.09041095890411,0.159410636578333,0.263157894736842,0.655172413793103,0.75,0
2,3,1.2958904109589,0.159445073524197,0.263157894736842,0.655172413793103,0.75,0.189
2,3,1.2958904109589,0.159445073524197,0.263157894736842,0.655172413793103,0.75,0.189
2,5,1.93972602739726,0.159391893957944,0.315789473684211,0.482758620689655,0,0.154285714285714
4,4,0.26027397260274,0.159391893957944,0.236842105263158,0.655172413793103,0.75,0
3,3,0.865753424657534,0.159291381333421,0.473684210526316,0.655172413793103,0.75,0.103846153846154
1,3,1.23013698630137,0.159291381333421,0.210526315789474,0.655172413793103,0.75,0
1,3,1.22191780821918,0.159291381333421,0.473684210526316,0.655172413793103,0.75,0
3,3,1.22191780821918,0.159291381333421,0.473684210526316,0.655172413793103,0.75,0
1,4,1.23013698630137,0.159291381333421,0.473684210526316,0.655172413793103,0.75,0
2,4,2.99452054794521,0.159291381333421,0.421052631578947,0.655172413793103,0.75,0
2,2,3.98082191780822,0.159291381333421,0.421052631578947,0.655172413793103,0.75,0
3,5,0.221917808219178,0.15597920276125,0.210526315789474,0.655172413793103,0.75,0.821739130434783
3,4,3.8027397260274,0.15597920276125,0.157894736842105,0.655172413793103,0.3,0
2,3,2.86301369863014,0.15597920276125,0.157894736842105,0.655172413793103,0.3,0
1,1,1.87945205479452,0.15597920276125,0.157894736842105,0.655172413793103,0.3,0
3,4,0.673972602739726,0.15597920276125,0.157894736842105,0.655172413793103,0.3,0
3,4,1.0027397260274,0.1546697133935,0.210526315789474,0.655172413793103,0.75,0
2,2,0.819178082191781,0.1546697133935,0.157894736842105,0.655172413793103,0.75,0.429545454545455
4,5,0.180821917808219,0.0289454189210193,0.526315789473684,0.862068965517241,0.3,0.994736842105263
2,2,0.947945205479452,0.228595866685127,0.526315789473684,1,0.3,0.1575
2,3,1.25479452054795,0.228595866685127,0.526315789473684,0.862068965517241,0.75,0.1575
3,3,1.03561643835616,0.0134242311896074,0.368421052631579,0.482758620689655,0,0.771428571428572
1,1,0.863013698630137,0.0166554440749271,0.157894736842105,0.482758620689655,0,0.0756
1,1,2.68767123287671,0.0166554440749271,0.157894736842105,0.482758620689655,0,0.640677966101695
2,2,1.96164383561644,0.0166554440749271,0.263157894736842,0.482758620689655,0,0.651724137931035
4,4,0.249315068493151,0.0166554440749271,0.289473684210526,0.482758620689655,0,0.567567567567568
2,3,0.115068493150685,0.0166554440749271,0.421052631578947,0.482758620689655,0,0
4,4,0.167123287671233,0.0166554440749271,0.421052631578947,0.482758620689655,0.3,0.63
2,2,1.95068493150685,0.0166554440749271,0.342105263157895,0.482758620689655,0,0.168
1,3,3.60821917808219,0.0166554440749271,0.210526315789474,0.482758620689655,0,0.0378
3,3,1.2,0.0345838047376099,0.447368421052632,0.482758620689655,0,0.0497368421052632
3,3,1.03835616438356,0.0345838047376099,0.368421052631579,0.482758620689655,0.3,0
2,2,2.59178082191781,0.157357356492696,0.421052631578947,0.655172413793103,0.3,0
1,4,0.920547945205479,0.157357356492696,0.421052631578947,0.655172413793103,0.3,0
1,3,0.917808219178082,0.0169177799296532,0.315789473684211,0.482758620689655,0,0.0484615384615385
1,3,0.917808219178082,0.0169177799296532,0.368421052631579,0.482758620689655,0,0
3,3,1.03561643835616,0.0169177799296532,0.368421052631579,0.482758620689655,0,0
3,3,1.03561643835616,0.0134242311896074,0.368421052631579,0.482758620689655,0,0.771428571428572
1,1,0.863013698630137,0.0166554440749271,0.157894736842105,0.482758620689655,0,0.651724137931035
2,2,0.945205479452055,0.0166554440749271,0.289473684210526,0.482758620689655,0,0.54
4,4,0.249315068493151,0.0166554440749271,0.289473684210526,0.482758620689655,0,0.567567567567568
1,2,2.95068493150685,0.0166554440749271,0.315789473684211,0.482758620689655,0,0.325862068965517
2,4,0.654794520547945,0.0166554440749271,0.315789473684211,0.482758620689655,0,0.325862068965517
2,2,1.95068493150685,0.0166554440749271,0.342105263157895,0.482758620689655,0,0.168
4,4,0.0931506849315069,0.157357356492696,0.368421052631579,0.482758620689655,0.3,0
1,1,0.942465753424658,0.157357356492696,0.368421052631579,0.482758620689655,0.3,0.02625
1,1,0.56986301369863,0.157357356492696,0.368421052631579,0.482758620689655,0.3,0.02625
1,1,1.17534246575342,0.157357356492696,0.368421052631579,0.482758620689655,0.3,0.02625
1,3,1.95616438356164,0.157357356492696,0.368421052631579,0.482758620689655,0.3,0.02625
3,3,2.22465753424658,0.157357356492696,0.315789473684211,0.655172413793103,0.75,0
4,4,0.249315068493151,0.157357356492696,0.315789473684211,0.655172413793103,0.75,0.242307692307692
3,3,1.03561643835616,0.148944231505386,0.421052631578947,0.655172413793103,0.3,0
3,3,0.572602739726027,0.0345838047376099,0.447368421052632,0.482758620689655,0,0.0497368421052632
2,2,0.698630136986301,0.0345838047376099,0.447368421052632,0.482758620689655,0.3,0.63
2,2,1.91506849315068,0.0143993814083642,0.0526315789473684,0.482758620689655,0.3,0.667844522968198
4,4,0.101369863013699,0.0143993814083642,0.210526315789474,0.482758620689655,0.3,0.640677966101695
2,2,1.86027397260274,0.0143993814083642,0.210526315789474,0.482758620689655,0.3,0.663157894736842
1,1,0.726027397260274,0.0143993814083642,0.210526315789474,0.482758620689655,0.3,0
1,3,0.726027397260274,0.0143993814083642,0.210526315789474,0.482758620689655,0.3,0.921951219512195
2,2,1.86575342465753,0.0143993814083642,0.105263157894737,0.482758620689655,0.3,0
2,2,1.99452054794521,0.0143993814083642,0.210526315789474,0.482758620689655,0.3,0
3,3,0.208219178082192,0.0143993814083642,0.157894736842105,0.482758620689655,0.3,0
2,2,0.964383561643836,0.0143993814083642,0.210526315789474,0.482758620689655,0.3,0.663157894736842
1,3,2.46027397260274,0.254041153630522,0.578947368421053,0.655172413793103,0.3,0.0609677419354839
3,3,0.10958904109589,0.254041153630522,0.578947368421053,0.655172413793103,0.3,0.0609677419354839
3,3,0.956164383561644,0.254041153630522,0.578947368421053,0.862068965517241,0.3,0.0675
2,2,2.27945205479452,0.122111524282366,0.421052631578947,0.862068965517241,0.3,0.0945
2,2,0.315068493150685,0.000910017416240358,0.421052631578947,0.862068965517241,0.3,0.07875
2,4,0.315068493150685,0.254154258213857,0.526315789473684,0.655172413793103,0.75,0
3,4,2.03013698630137,0.254154258213857,0.342105263157895,0.655172413793103,0.75,0
1,3,2.04931506849315,0.254154258213857,0.526315789473684,0.655172413793103,0.75,0
1,4,3.92876712328767,0.216884358180898,0.526315789473684,0.482758620689655,0.3,0
2,2,1.96712328767123,0.254550002594092,0.368421052631579,0.655172413793103,0.3,0.00945
1,3,2.8958904109589,0.25468703392686,0.552631578947368,0.655172413793103,0.3,0
2,3,0.6,0.228471231301076,0.552631578947368,0.655172413793103,0.3,0.272334293948127
3,3,1.36712328767123,0.254488394593787,0.552631578947368,0.655172413793103,0.3,0.0994736842105263
2,2,2.21369863013699,0.255267933497479,0.552631578947368,0.655172413793103,0.75,0
1,4,1.96164383561644,0.232820999445467,0.578947368421053,0.655172413793103,0.3,0.039375
4,4,0.136986301369863,0.254786647608538,0.578947368421053,0.655172413793103,0.3,0.315
3,4,1.14246575342466,0.254786647608538,0.447368421052632,0.655172413793103,0.75,0.3024
3,3,0.197260273972603,0.254786647608538,0.447368421052632,0.655172413793103,0.75,0
1,3,0.657534246575342,0.254937670006652,0.447368421052632,0.655172413793103,0.3,0.23625
3,3,0.956164383561644,0.254937670006652,0.447368421052632,0.655172413793103,0.3,0.23625
4,4,0.126027397260274,0.254937670006652,0.578947368421053,0.655172413793103,0.3,0.402127659574468
3,3,3.09315068493151,0.0309631806257891,0.315789473684211,0.482758620689655,0.3,0
3,3,3.09315068493151,0.0309631806257891,0.315789473684211,0.482758620689655,0.3,0
2,4,0.227397260273973,0.0309631806257891,0.315789473684211,0.482758620689655,0.3,0
3,3,1.00821917808219,0.0309631806257891,0.289473684210526,0.655172413793103,0.75,0.945
1,4,3.18082191780822,0.112761193926953,0.289473684210526,0.482758620689655,0.3,0.79746835443038
2,5,2.65753424657534,0.239980889962069,0.447368421052632,0.655172413793103,0.75,0.309836065573771
1,5,0.328767123287671,0.240014657770025,0.421052631578947,0.482758620689655,0,0.0974226804123711
1,1,2.78630136986301,0.240014657770025,0.473684210526316,0.482758620689655,0,0
1,1,0.89041095890411,0.240007026894288,0.315789473684211,0.655172413793103,0.3,0.118125
3,4,1.93424657534247,0.240007026894288,0.342105263157895,0.655172413793103,0.3,0.642857142857143
5,5,0.312328767123288,0.240007026894288,0.342105263157895,0.482758620689655,0.3,0
2,4,2.38630136986301,0.239506363041894,0.421052631578947,0.655172413793103,0.3,0.237735849056604
3,3,0.216438356164384,0.239506363041894,0.342105263157895,0.655172413793103,0.75,0.42
2,2,1.04383561643836,0.239506363041894,0.421052631578947,0.655172413793103,0.3,0
3,4,0.802739726027397,0.231816724830297,0.394736842105263,0.655172413793103,0.75,0
2,2,2.79452054794521,0.239486086135595,0.342105263157895,0.655172413793103,0.3,0.378
2,2,0.605479452054794,0.239460158731408,0.289473684210526,0.655172413793103,0.75,0.421875
2,4,0.134246575342466,0.239460158731408,0.289473684210526,0.655172413793103,0.75,0.421875
4,4,0.153424657534247,0.239460158731408,0.368421052631579,0.655172413793103,0.3,0.493472584856397
1,4,0.745205479452055,0.239460158731408,0.368421052631579,0.655172413793103,0.3,0.65625
2,3,1.24383561643836,0.239460158731408,0.526315789473684,0.655172413793103,0.3,0
2,4,0.315068493150685,0.13870677298146,0.526315789473684,0.482758620689655,0,0
1,1,3.77260273972603,0.120132525263471,0.421052631578947,0.655172413793103,0.3,0.094689378757515
3,4,2.98082191780822,0.125970456114949,0.447368421052632,0.655172413793103,0.3,0.094689378757515
1,3,3.21095890410959,0.125970456114949,0.447368421052632,0.655172413793103,0.3,0.094689378757515
3,3,0.887671232876712,0.125970456114949,0.447368421052632,0.655172413793103,0.3,0.094689378757515
3,3,1.25753424657534,0.125970456114949,0.447368421052632,0.655172413793103,0.3,0.094689378757515
3,3,1.90958904109589,0.125970456114949,0.447368421052632,0.655172413793103,0.3,0.094689378757515
5,5,0.312328767123288,0.108011037990785,0.210526315789474,0.655172413793103,0.3,0
3,3,0.887671232876712,0.125928746518692,0.526315789473684,0.482758620689655,0.3,0.0484615384615385
3,4,0.835616438356164,0.125928746518692,0.263157894736842,0.482758620689655,0.3,0
1,3,1.86301369863014,0.125928746518692,0.263157894736842,0.482758620689655,0.3,0
1,1,1.34794520547945,0.125928746518692,0.263157894736842,0.482758620689655,0.3,0
1,1,0.887671232876712,0.114185484379199,0.578947368421053,0.482758620689655,0.3,0.105
5,5,0.734246575342466,0.125920122074546,0.342105263157895,0.482758620689655,0.3,0
3,3,2.98082191780822,0.125920122074546,0.342105263157895,0.482758620689655,0.3,0
3,3,1.1013698630137,0.125920122074546,0.342105263157895,0.482758620689655,0.3,0
3,3,0.761643835616438,0.125920122074546,0.342105263157895,0.482758620689655,0.3,0
3,4,0.887671232876712,0.125920122074546,0.552631578947368,0.482758620689655,0.3,0.484615384615385
1,4,3.77260273972603,0.125920122074546,0.552631578947368,0.482758620689655,0.3,0.484615384615385
1,1,1.07123287671233,0.125932166556888,0.421052631578947,0.655172413793103,0.3,0
3,5,1.61095890410959,0.0501798886019211,0.157894736842105,0.655172413793103,0.75,0.4725
2,2,0.882191780821918,0.109241095957593,0.578947368421053,0.862068965517241,0.3,0.0555882352941176
2,2,0.347945205479452,0.109241095957593,0.578947368421053,0.862068965517241,0.3,0.1512
2,2,1.78356164383562,0.109241095957593,0.578947368421053,0.862068965517241,0.3,0.1512
2,2,1.87945205479452,0.109241095957593,0.578947368421053,0.862068965517241,0.3,0.1512
2,2,0.997260273972603,0.109086937397972,0.210526315789474,0.862068965517241,0.3,0.1575
2,2,0.882191780821918,0.109086937397972,0.210526315789474,0.862068965517241,0.3,0.1575
2,2,2.2027397260274,0.109002896380332,0.421052631578947,0.655172413793103,0.3,0
2,4,3.12602739726027,0.109205739791977,0.552631578947368,0.655172413793103,0.3,0.15736885928393
2,4,0.887671232876712,0.109205739791977,0.552631578947368,0.655172413793103,0.3,0.478481012658228
2,2,3.36164383561644,0.109205739791977,0.421052631578947,0.655172413793103,0.3,0
1,1,0.980821917808219,0.109205739791977,0.342105263157895,0.655172413793103,0.3,0
2,4,0.23013698630137,0.109205739791977,0.421052631578947,0.655172413793103,0.3,0.158345565318802
2,2,0.23013698630137,0.109205739791977,0.421052631578947,0.655172413793103,0.3,0
1,3,3.77260273972603,0.109205739791977,0.578947368421053,0.655172413793103,0.3,0
2,5,0.378082191780822,0.10295997952411,0.578947368421053,0,0,0.0590625
2,4,2.07945205479452,0.1114843165835,0.578947368421053,0.862068965517241,0.75,0.173873045078197
5,5,0.331506849315069,0.111997410179456,0.342105263157895,0.482758620689655,0.3,0.651724137931035
5,5,0.268493150684932,0.111997410179456,0.342105263157895,0.482758620689655,0.3,0.651724137931035
5,5,0.591780821917808,0.111997410179456,0.342105263157895,0.482758620689655,0.3,0.651724137931035
3,5,1.97808219178082,0.111997410179456,0.315789473684211,0.482758620689655,0.3,0
5,5,0.652054794520548,0.107461479758335,0.342105263157895,0.482758620689655,0.3,0.642857142857143
1,3,0.991780821917808,0.111780595979371,0.421052631578947,0.655172413793103,0.3,0.0378
1,1,0.980821917808219,0.111780595979371,0.421052631578947,0.655172413793103,0.3,0
2,4,1.93150684931507,0.111671675197702,0.315789473684211,0.655172413793103,0.3,0
2,2,0.227397260273973,0.111671675197702,0.578947368421053,0.655172413793103,0.3,0.143617021276596
2,2,2.61095890410959,0.111662908815212,0.342105263157895,0.655172413793103,0.3,0
2,2,0.978082191780822,0.111662908815212,0.342105263157895,0.655172413793103,0.3,0
2,2,0.978082191780822,0.111662908815212,0.342105263157895,0.655172413793103,0.3,0
2,2,2.07945205479452,0.111662908815212,0.368421052631579,0.655172413793103,0.3,0
2,2,1.93698630136986,0.111662908815212,0.368421052631579,0.655172413793103,0.3,0
2,5,2.18630136986301,0.12086309543845,0.421052631578947,0.655172413793103,0.75,0.651724137931035
1,1,0.819178082191781,0.12086309543845,0.421052631578947,0.655172413793103,0.75,0.43953488372093
5,5,0.687671232876712,0.12086309543845,0.578947368421053,0.655172413793103,0.3,0.63
5,5,0.6,0.12086309543845,0.578947368421053,0.655172413793103,0.3,0.63
5,5,0.652054794520548,0.12086309543845,0.578947368421053,0.655172413793103,0.3,0.63
1,3,2.33424657534247,0.137951728580578,0.394736842105263,0.655172413793103,0.3,0.158823529411765
3,3,1.94520547945205,0.120221845035717,0.342105263157895,0.655172413793103,0.3,0
1,1,0.983561643835616,0.151276582652415,0.157894736842105,0.482758620689655,0.3,0.00378
5,5,0.364383561643836,0.15167670684441,0.578947368421053,0.655172413793103,0.3,0.000378
1,3,2.96986301369863,0.146533462802732,0.342105263157895,0.482758620689655,0.3,0
2,5,1.63835616438356,0.107143646011069,0.342105263157895,0.482758620689655,0.3,0.1575
2,3,2.99452054794521,0.107143646011069,0.394736842105263,0.482758620689655,0.3,0.42
2,3,1.96986301369863,0.15718470539453,0.394736842105263,0.482758620689655,0.3,0
2,2,0.942465753424658,0.14380869944707,0.315789473684211,0.482758620689655,0.3,0.649484536082474
2,3,1.91506849315068,0.00181826398266395,0.315789473684211,0.655172413793103,0.3,0.651724137931035
3,5,1.20547945205479,0.00181826398266395,0.315789473684211,0.655172413793103,0.3,0.651724137931035
2,2,0.0849315068493151,0.00181826398266395,0.315789473684211,0.655172413793103,0.3,0.651724137931035
2,3,1.98630136986301,0.00181826398266395,0.315789473684211,0.655172413793103,0.3,0.651724137931035
3,3,0.857534246575342,0.00181826398266395,0.315789473684211,0.655172413793103,0.3,0.651724137931035
1,1,1.01643835616438,0.00181826398266395,0.105263157894737,0.655172413793103,0.3,0.222352941176471
1,3,2.03287671232877,0.00181826398266395,0.105263157894737,0.655172413793103,0.3,0.222352941176471
1,1,1.01643835616438,0.00181826398266395,0.105263157894737,0.655172413793103,0.3,0
3,5,0.641095890410959,0.0019495501919804,0.447368421052632,0.655172413793103,0.3,0.23625
4,5,0.745205479452055,0.0019495501919804,0.0526315789473684,0.655172413793103,0.3,0
4,5,0.550684931506849,0.0800057375534063,0.447368421052632,0.655172413793103,0.3,0.505347593582888
2,3,1.05205479452055,0.0800057375534063,0.315789473684211,0.655172413793103,0.3,0
3,3,2.85479452054795,0.0800057375534063,0.315789473684211,0.655172413793103,0.3,0
1,3,2.85479452054795,0.0800057375534063,0.315789473684211,0.655172413793103,0.3,0
3,3,3.16986301369863,0.0800057375534063,0.315789473684211,0.655172413793103,0.3,0
3,4,1.93972602739726,0.0800057375534063,0.0526315789473684,0.655172413793103,0.3,0
1,4,1.93972602739726,0.0800057375534063,0.0526315789473684,0.655172413793103,0.3,0
2,2,3.07397260273973,0.0800057375534063,0.0526315789473684,0.655172413793103,0.3,0
3,3,3.86849315068493,0.0800057375534063,0.0526315789473684,0.655172413793103,0.3,0
3,4,3.91506849315068,0.0800057375534063,0.0526315789473684,0.655172413793103,0.3,0
2,4,1.67671232876712,0.0800057375534063,0.0526315789473684,0.655172413793103,0.3,0
3,5,0.284931506849315,0.0800057375534063,0.0526315789473684,0.655172413793103,0.3,0
1,3,0.901369863013699,0.547510920533425,0.368421052631579,0.655172413793103,0.3,0.236842105263158
1,1,3.09041095890411,0.547510920533425,0.368421052631579,0.862068965517241,0.3,0
1,4,2.06849315068493,0.547510920533425,0.368421052631579,0.862068965517241,0.75,0.248684210526316
2,4,1.91780821917808,0.547510920533425,0.368421052631579,0.655172413793103,0.75,0.4725
3,4,1.78356164383562,0.547510920533425,0.368421052631579,0.655172413793103,0.3,0.371024734982332
1,1,0.693150684931507,0.547510920533425,0.315789473684211,0.655172413793103,0.3,0
1,4,1.09041095890411,0.547510920533425,0.315789473684211,0.655172413793103,0.3,0
1,1,0.706849315068493,0.547510920533425,0.315789473684211,0.655172413793103,0.3,0
1,1,0.706849315068493,0.547510920533425,0.315789473684211,0.655172413793103,0.3,0.0189
3,4,2.54794520547945,0.547510920533425,0.315789473684211,0.655172413793103,0.3,0.0189
2,4,1.57534246575342,0.547510920533425,0.315789473684211,0.655172413793103,0.3,0.0189
1,1,0.706849315068493,0.547510920533425,0.315789473684211,0.655172413793103,0.3,0
1,1,0.706849315068493,0.547510920533425,0.315789473684211,0.655172413793103,0.3,0
1,1,1.45753424657534,0.547510920533425,0.315789473684211,0.655172413793103,0.3,0
3,4,0.750684931506849,0.547510920533425,0.315789473684211,0.655172413793103,0.3,0.994736842105263
1,1,0.693150684931507,0.547510920533425,0.315789473684211,0.862068965517241,0.75,0
2,4,3.84109589041096,0.547510920533425,0.315789473684211,0.862068965517241,0.75,0.248684210526316
1,3,0.706849315068493,0.547510920533425,0.368421052631579,0.862068965517241,0.75,0
1,4,1.7972602739726,0.547510920533425,0.368421052631579,0.862068965517241,0.75,0.378
3,3,1.74520547945205,0.547510920533425,0.368421052631579,0.862068965517241,0.75,0.378
3,3,0.70958904109589,0.547510920533425,0.368421052631579,0.862068965517241,0.75,0.378
3,4,1.08219178082192,0.547510920533425,0.368421052631579,0.862068965517241,0.75,0.378
1,2,3.14246575342466,0.547510920533425,0.368421052631579,0.862068965517241,0.75,0.378
1,3,0.750684931506849,0.547510920533425,0.368421052631579,0.862068965517241,0.75,0.378
4,4,0.750684931506849,0.547510920533425,0.368421052631579,0.655172413793103,0.3,0
3,4,3.75068493150685,0.547510920533425,0.263157894736842,0.655172413793103,0.3,0.39873417721519
1,1,0.70958904109589,0.547510920533425,0.315789473684211,0.655172413793103,0.3,0
3,4,2.81643835616438,0.547510920533425,0.315789473684211,0.655172413793103,0.3,0.406451612903226
3,3,0.0904109589041096,0.547510920533425,0.315789473684211,0.655172413793103,0.3,0.419068736141907
1,4,3.99178082191781,0.814275434087334,0.263157894736842,0.655172413793103,0.3,0
3,4,1.95616438356164,0.814275434087334,0.263157894736842,0.655172413793103,0.3,0.187872763419483
1,4,3.75068493150685,0.814275434087334,0.263157894736842,0.655172413793103,0.3,0.191878172588832
1,3,2.01095890410959,0.814275434087334,0.263157894736842,0.655172413793103,0.3,0.191878172588832
1,3,2.45753424657534,0.814275434087334,0.263157894736842,0.655172413793103,0.3,0.191878172588832
4,4,0.106849315068493,0.11780429708739,0.394736842105263,0.862068965517241,0.3,0.227985524728589
1,1,0.734246575342466,0.122923026349353,0.421052631578947,0.655172413793103,0.3,0
1,1,0.734246575342466,0.120728399329391,0.447368421052632,0.655172413793103,0.3,0.383367139959432
2,3,1.0027397260274,0.122561475592107,0.447368421052632,0.655172413793103,0.3,0.119771863117871
3,4,3.17808219178082,0.122561475592107,0.421052631578947,0.655172413793103,0.3,0.290769230769231
3,3,1.69315068493151,0.123078644846228,0.421052631578947,0.655172413793103,0.3,0.0994736842105263
4,4,0.410958904109589,0.440156049989441,0.421052631578947,0.862068965517241,0.3,0.0236397748592871
5,5,0.70958904109589,0.440156049989441,0.421052631578947,0.862068965517241,0.3,0.0236397748592871
5,5,0.528767123287671,0.440156049989441,0.421052631578947,0.862068965517241,0.3,0.0236397748592871
5,5,0.175342465753425,0.440156049989441,0.421052631578947,0.862068965517241,0.3,0.0236397748592871
5,5,0.378082191780822,0.440156049989441,0.421052631578947,0.862068965517241,0.3,0.0236397748592871
5,5,0.405479452054795,0.440156049989441,0.421052631578947,0.862068965517241,0.3,0.0236397748592871
5,5,0.402739726027397,0.440156049989441,0.421052631578947,0.862068965517241,0.3,0.0236397748592871
5,5,0.756164383561644,0.440156049989441,0.421052631578947,0.862068965517241,0.3,0.0236397748592871
4,4,0.0931506849315069,0.440156049989441,0.421052631578947,0.862068965517241,0.3,0.0236397748592871
4,4,0.0931506849315069,0.440156049989441,0.421052631578947,0.862068965517241,0.3,0
3,4,0.797260273972603,0.440156049989441,0.421052631578947,0.862068965517241,0.3,0
3,4,1.32602739726027,0.440156049989441,0.421052631578947,0.862068965517241,0.3,0
1,5,0.23013698630137,0.440156049989441,0.421052631578947,0.862068965517241,0.3,0
3,3,0.893150684931507,0.440156049989441,0.421052631578947,0.862068965517241,0.3,0
4,4,0.227397260273973,0.440156049989441,0.578947368421053,0.862068965517241,0.3,0
4,4,0.227397260273973,0.440156049989441,0.578947368421053,0.862068965517241,0.3,0
4,4,0.227397260273973,0.440156049989441,0.578947368421053,0.862068965517241,0.3,0
4,4,0.23013698630137,0.440156049989441,0.578947368421053,0.862068965517241,0.3,0.126
3,3,2.53424657534247,0.440156049989441,0.578947368421053,0.862068965517241,0.3,0
1,3,1.50958904109589,0.440156049989441,0.421052631578947,0.862068965517241,0.3,0
1,2,2.56438356164384,0.440156049989441,0.421052631578947,0.862068965517241,0.3,0.131524008350731
4,4,0.210958904109589,0.440156049989441,0.421052631578947,0.862068965517241,0.3,0
1,1,1.01369863013699,0.440156049989441,0.421052631578947,0.862068965517241,0.3,0
3,4,1.11506849315068,0.440156049989441,0.421052631578947,0.862068965517241,0.3,0
1,3,2.71780821917808,0.440156049989441,0.421052631578947,0.862068965517241,0.3,0
3,4,1.10684931506849,0.440156049989441,0.421052631578947,0.862068965517241,0.3,0
2,4,0.128767123287671,0.440156049989441,0.421052631578947,0.862068965517241,0.3,0.0590625
1,4,1.78082191780822,0.440156049989441,0.421052631578947,0.862068965517241,0.3,0.0591364205256571
1,4,3.86027397260274,0.440156049989441,0.421052631578947,0.172413793103448,0,0.0591364205256571
1,1,0.745205479452055,0.440156049989441,0.421052631578947,0.172413793103448,0,0.0591364205256571
3,3,1.27671232876712,0.440156049989441,0.421052631578947,0.172413793103448,0,0.0591364205256571
1,3,1.50958904109589,0.440156049989441,0.421052631578947,0.172413793103448,0,0.0591364205256571
1,3,3.74246575342466,0.440156049989441,0.421052631578947,0.172413793103448,0,0.0591364205256571
1,4,2.76986301369863,0.440156049989441,0.421052631578947,0.172413793103448,0,0
3,5,2.32328767123288,0.440156049989441,0.421052631578947,0.172413793103448,0,0
1,1,2.35068493150685,0.440156049989441,0.421052631578947,0.172413793103448,0,0
1,1,1.50958904109589,0.440156049989441,0.421052631578947,0.172413793103448,0,0
1,3,2.9972602739726,0.440156049989441,0.421052631578947,0.172413793103448,0,0
1,3,1.50958904109589,0.440156049989441,0.421052631578947,0.172413793103448,0,0
1,3,3.0958904109589,0.441746861155182,0.421052631578947,0.172413793103448,0,0
3,3,1.50958904109589,0.441746861155182,0.421052631578947,0.172413793103448,0,0
3,3,1.01369863013699,0.441746861155182,0.421052631578947,0.172413793103448,0,0
3,3,0.863013698630137,0.441746861155182,0.578947368421053,0.172413793103448,0,0
1,1,0.643835616438356,0.441746861155182,0.578947368421053,0.655172413793103,0.3,0.004725
1,3,0.745205479452055,0.441746861155182,0.578947368421053,0.862068965517241,0.3,0.250331125827815
3,4,1.23835616438356,0.441746861155182,0.578947368421053,0.862068965517241,0.3,0
3,3,2.07123287671233,0.441746861155182,0.578947368421053,0.862068965517241,0.3,0
1,3,1.12602739726027,0.441746861155182,0.210526315789474,0.655172413793103,0.3,0.994736842105263
4,4,0.131506849315068,0.441746861155182,0.210526315789474,0.655172413793103,0.3,0.994736842105263
1,4,2.87397260273973,0.441746861155182,0.210526315789474,0.655172413793103,0.3,0.994736842105263
1,3,0.863013698630137,0.455532460609879,0.421052631578947,0.655172413793103,0.3,0.290769230769231
1,1,3.00821917808219,0.455532460609879,0.105263157894737,0.655172413793103,0.3,0.230487804878049
4,4,0.482191780821918,0.124208622762514,0.105263157894737,0.655172413793103,0.75,0
3,3,0.421917808219178,0.123078644846228,0.394736842105263,0.655172413793103,0.3,0.421875
3,4,1.56164383561644,0.547510920533425,0.368421052631579,0.655172413793103,0.3,0.4725
3,5,2.71506849315068,0.440156049989441,0.421052631578947,0.862068965517241,0.3,0.0236397748592871
4,4,0.23013698630137,0.440156049989441,0.421052631578947,0.862068965517241,0.3,0.0236397748592871
4,4,0.227397260273973,0.440156049989441,0.578947368421053,0.862068965517241,0.3,0
2,4,0.673972602739726,0.440156049989441,0.578947368421053,0.862068965517241,0.3,0
2,3,0.887671232876712,0.440156049989441,0.578947368421053,0.862068965517241,0.3,0.126
2,2,0.345205479452055,0.440156049989441,0.421052631578947,0.172413793103448,0,0
2,3,0.528767123287671,0.547510920533425,0.263157894736842,0.655172413793103,0.3,0.39873417721519
4,4,0.717808219178082,0.441746861155182,0.421052631578947,0.862068965517241,0.3,0.248684210526316
2,4,3.22739726027397,0.455532460609879,0.473684210526316,0.655172413793103,0.3,0.230487804878049
4,4,0.641095890410959,0.455532460609879,0.105263157894737,0.655172413793103,0.75,0
2,2,2.0986301369863,0.124208622762514,0.105263157894737,0.655172413793103,0.75,0
3,3,0.915068493150685,0.531535509824012,0.473684210526316,0.862068965517241,0.3,0.0727202770296268
1,1,0.808219178082192,0.531535509824012,0.473684210526316,0.862068965517241,0.75,0
1,3,0.704109589041096,0.531535509824012,0.473684210526316,0.862068965517241,0.75,0
2,2,0.972602739726027,0.531535509824012,0.473684210526316,0.862068965517241,0.75,0
2,2,0.63013698630137,0.531535509824012,0.473684210526316,0.862068965517241,0.75,0
2,2,0.476712328767123,0.531535509824012,0.473684210526316,0.862068965517241,0.75,0
1,1,0.808219178082192,0.531535509824012,0.473684210526316,0.862068965517241,0.3,0
1,3,0.704109589041096,0.531535509824012,0.473684210526316,0.862068965517241,0.3,0
2,2,1.36438356164384,0.533359184361174,0.473684210526316,0.862068965517241,0.3,0
1,1,1.62739726027397,0.533359184361174,0.473684210526316,0.862068965517241,0.3,0
2,2,2.07123287671233,0.533359184361174,0.473684210526316,0.862068965517241,0.3,0
1,1,0.808219178082192,0.533359184361174,0.473684210526316,0.862068965517241,0.3,0.00945
1,2,2.77808219178082,0.533359184361174,0.473684210526316,0.862068965517241,0.3,0.00945
2,2,3.91232876712329,0.533359184361174,0.473684210526316,0.862068965517241,0.3,0.00945
1,1,0.808219178082192,0.533359184361174,0.473684210526316,0.862068965517241,0.3,0.00945
1,1,0.808219178082192,0.169786978392469,0.736842105263158,0.862068965517241,0.3,0
3,3,1.9013698630137,0.169786978392469,0.736842105263158,0.862068965517241,0.3,0.0755697720911635
1,3,0.808219178082192,0.169786978392469,1,0.862068965517241,0.75,0.111504424778761
1,4,3.66027397260274,0.169786978392469,1,0.862068965517241,0.75,0.111504424778761
1,1,0.808219178082192,0.169786978392469,1,0.862068965517241,0.75,0.111504424778761
2,3,1.78082191780822,0.169786978392469,0.315789473684211,0.655172413793103,0.3,0.466666666666667
2,2,2.08493150684932,0.169786978392469,0.315789473684211,0.862068965517241,0.3,0.343636363636364
1,3,0.808219178082192,0.169786978392469,0.315789473684211,0.862068965517241,0.3,0.248684210526316
1,3,0.808219178082192,0.169786978392469,0.315789473684211,0.862068965517241,0.3,0.23625
1,1,0.413698630136986,0.220464016183026,0.315789473684211,0.862068965517241,0.75,0
1,3,0.101369863013699,0.220464016183026,0.315789473684211,0.862068965517241,0.75,0
1,3,1.17534246575342,0.220464016183026,0.315789473684211,0.655172413793103,0.3,0
1,4,0.712328767123288,0.220464016183026,0.315789473684211,0.655172413793103,0.3,0
3,3,1.11506849315068,0.220464016183026,0.789473684210526,0.655172413793103,0.3,0.0586228287841191
3,4,0.942465753424658,0.0232625466985038,0.789473684210526,0.862068965517241,0.75,0
2,2,0.578082191780822,0.0232625466985038,0.157894736842105,0.862068965517241,0.3,0
2,2,0.578082191780822,0.0232625466985038,0.578947368421053,0.862068965517241,0.3,0.111176470588235
1,3,2.26301369863014,0.220464016183026,0.315789473684211,0.862068965517241,0.3,0
1,1,0.808219178082192,0.220464016183026,0.315789473684211,0.862068965517241,0.3,0
2,2,1.05479452054795,0.220464016183026,0.315789473684211,0.862068965517241,0.75,0
2,3,1.27671232876712,0.220464016183026,0.736842105263158,0.862068965517241,0.75,0
3,3,1.01369863013699,0.220464016183026,0.736842105263158,0.862068965517241,0.3,0
2,2,1.04931506849315,0.220464016183026,0.736842105263158,0.862068965517241,0.75,0
3,3,1.07123287671233,0.220464016183026,0.736842105263158,0.862068965517241,0.3,0
2,2,1.06849315068493,0.220464016183026,0.736842105263158,0.862068965517241,0.3,0
3,3,0.926027397260274,0.220464016183026,0.736842105263158,0.862068965517241,0.3,0.078782826177574
1,3,1.1013698630137,0.220464016183026,0.736842105263158,0.862068965517241,0.3,0.078782826177574
2,2,1.06849315068493,0.222310863844603,0.736842105263158,0.862068965517241,0.3,0
2,2,2.03287671232877,0.222310863844603,0.736842105263158,0.862068965517241,0.3,0.078782826177574
2,2,1.06849315068493,0.222310863844603,0.421052631578947,0.862068965517241,0.3,0.0630630630630631
2,2,0.964383561643836,0.222310863844603,0.421052631578947,0.862068965517241,0.3,0.0630630630630631
3,3,0.279452054794521,0.222310863844603,0.421052631578947,0.862068965517241,0.3,0.078782826177574
3,3,0.391780821917808,0.222310863844603,0.421052631578947,0.862068965517241,0.3,0.078782826177574
3,3,1.63013698630137,0.222310863844603,0.421052631578947,0.862068965517241,0.3,0.078782826177574
3,3,0.756164383561644,0.222310863844603,0.421052631578947,0.862068965517241,0.3,0.078782826177574
3,3,0.871232876712329,0.222310863844603,0.421052631578947,0.862068965517241,0.3,0.078782826177574
3,3,0.391780821917808,0.222310863844603,0.421052631578947,0.862068965517241,0.3,0.078782826177574
3,3,1.24657534246575,0.222310863844603,0.421052631578947,0.862068965517241,0.3,0.078782826177574
2,2,0.964383561643836,0.222310863844603,0.421052631578947,0.862068965517241,0.3,0
3,3,1.88767123287671,0.388889184030525,0.421052631578947,0.862068965517241,0.3,0.0628533422015298
3,4,0.997260273972603,0.388889184030525,0.421052631578947,0.862068965517241,0.3,0.0630420280186791
1,2,3.45753424657534,0.388889184030525,0.421052631578947,0.862068965517241,0.3,0.0629580279813458
3,3,1,0.388889184030525,0.421052631578947,0.862068965517241,0.3,0
3,3,0.380821917808219,0.388889184030525,0.421052631578947,0.862068965517241,0.3,0
2,2,1.21917808219178,0.388889184030525,0.421052631578947,0.862068965517241,0.75,0
3,3,1,0.388889184030525,0.421052631578947,0.862068965517241,0.3,0
1,1,1.01643835616438,0.388889184030525,0.421052631578947,0.862068965517241,0.3,0.0790133779264214
1,1,1.11232876712329,0.388889184030525,0.421052631578947,0.862068965517241,0.3,0.0790133779264214
1,3,1.12328767123288,0.388889184030525,0.421052631578947,0.862068965517241,0.3,0.0790133779264214
3,3,2.33972602739726,0.388889184030525,0.421052631578947,0.862068965517241,0.3,0.078684429641965
3,5,1.21369863013699,0.388889184030525,0.421052631578947,0.862068965517241,0.3,0.078684429641965
1,1,1.93972602739726,0.388889184030525,0.421052631578947,0.862068965517241,0.3,0.078684429641965
4,5,0.397260273972603,0.388889184030525,0.421052631578947,0.862068965517241,0.3,0.0788485607008761
1,1,0.186301369863014,0.388889184030525,0.421052631578947,0.862068965517241,0.3,0.0788485607008761
1,1,1.93972602739726,0.388889184030525,0.421052631578947,0.862068965517241,0.3,0.0788485607008761
1,1,1.93972602739726,0.388889184030525,0.421052631578947,0.862068965517241,0.3,0.0788485607008761
1,1,1.93972602739726,0.388889184030525,0.421052631578947,0.862068965517241,0.3,0
1,1,1.93972602739726,0.388889184030525,0.421052631578947,0.862068965517241,0.3,0
1,1,0.832876712328767,0.388889184030525,0.421052631578947,0.862068965517241,0.3,0.0790133779264214
3,5,3.16712328767123,0.388889184030525,0.421052631578947,0.862068965517241,0.3,0.0790133779264214
1,1,1.36712328767123,0.388889184030525,0.421052631578947,0.862068965517241,0.3,0.0790133779264214
1,1,0.808219178082192,0.388889184030525,0.421052631578947,0.862068965517241,0.3,0.0790133779264214
1,3,1.38082191780822,0.388889184030525,0.421052631578947,0.862068965517241,0.3,0.0790133779264214
3,5,0.649315068493151,0.388889184030525,0.421052631578947,0.862068965517241,0.3,0.0790133779264214
1,3,2.15890410958904,0.388889184030525,0.421052631578947,0.862068965517241,0.3,0.0790133779264214
3,3,1,0.388889184030525,0.421052631578947,0.862068965517241,0.3,0.0790133779264214
1,2,2.95342465753425,0.388889184030525,0.421052631578947,0.862068965517241,0.3,0
1,2,2.15890410958904,0.388889184030525,0.421052631578947,0.862068965517241,0.3,0
2,2,1,0.388889184030525,0.421052631578947,0.862068965517241,0.3,0
2,2,1,0.388889184030525,0.421052631578947,0.862068965517241,0.3,0.04725
3,3,0.873972602739726,0.388889184030525,0.421052631578947,0.862068965517241,0.3,0.04725
3,3,1,0.388889184030525,0.421052631578947,0.862068965517241,0.3,0.0472972972972973
3,3,1,0.388889184030525,0.421052631578947,0.862068965517241,0.3,0.0472972972972973
2,2,0.419178082191781,0.388889184030525,0.421052631578947,0.862068965517241,0.3,0.0472972972972973
3,3,0.391780821917808,0.388889184030525,0.421052631578947,0.862068965517241,0.3,0.04725
1,3,3.01917808219178,0.388889184030525,0.421052631578947,0.862068965517241,0.3,0.04725
3,3,0.391780821917808,0.388889184030525,0.421052631578947,0.862068965517241,0.3,0.04725
2,3,1.21095890410959,0.388889184030525,0.421052631578947,0.862068965517241,0.3,0.04725
1,1,0.26027397260274,0.388889184030525,0.421052631578947,0.862068965517241,0.3,0.04725
1,1,0.712328767123288,0.388889184030525,0.421052631578947,0.862068965517241,0.3,0.04725
2,4,1.87671232876712,0.388889184030525,0.421052631578947,0.862068965517241,0.3,0.0472972972972973
1,3,3.16712328767123,0.388889184030525,0.421052631578947,0.862068965517241,0.3,0.0511225317825264
3,4,1.87671232876712,0.388889184030525,0.421052631578947,0.862068965517241,0.3,0.0511225317825264
1,2,0.131506849315068,0.388889184030525,0.421052631578947,0.862068965517241,0.3,0.0511225317825264
1,3,0.386301369863014,0.388889184030525,0.421052631578947,0.862068965517241,0.3,0.051067279113753
1,4,2.00547945205479,0.388889184030525,0.421052631578947,0.862068965517241,0.3,0.051067279113753
1,1,0.901369863013699,0.388889184030525,0.421052631578947,0.862068965517241,0.3,0.051067279113753
2,3,0.884931506849315,0.388889184030525,0.421052631578947,0.862068965517241,0.3,0.051067279113753
3,4,3.88219178082192,0.388889184030525,0.421052631578947,0.862068965517241,0.3,0.051067279113753
1,1,0.901369863013699,0.388889184030525,0.421052631578947,0.862068965517241,0.3,0.051067279113753
1,2,1.11780821917808,0.388889184030525,0.421052631578947,0.862068965517241,0.3,0.051067279113753
3,4,0.997260273972603,0.388889184030525,0.421052631578947,0.862068965517241,0.3,0.051067279113753
1,1,1.55342465753425,0.388889184030525,0.421052631578947,0.862068965517241,0.3,0.051067279113753
1,1,0.117808219178082,0.388889184030525,0.421052631578947,0.862068965517241,0.3,0.051067279113753
1,1,1.43561643835616,0.388889184030525,0.421052631578947,0.862068965517241,0.3,0.051067279113753
2,3,2.88493150684931,0.388889184030525,0.421052631578947,0.862068965517241,0.3,0.051067279113753
1,3,3.16712328767123,0.388889184030525,0.421052631578947,0.862068965517241,0.3,0.051067279113753
2,2,1,0.388889184030525,0.421052631578947,0.862068965517241,0.3,0.051067279113753
2,2,1.33972602739726,0.388889184030525,0.421052631578947,0.862068965517241,0.3,0.051067279113753
2,3,2.88493150684931,0.388889184030525,0.421052631578947,0.862068965517241,0.3,0.051067279113753
3,3,0.243835616438356,0.388889184030525,0.421052631578947,0.862068965517241,0.3,0.051067279113753
3,3,2.36712328767123,0.388889184030525,0.421052631578947,0.862068965517241,0.3,0.051067279113753
1,2,0.131506849315068,0.388889184030525,0.421052631578947,0.862068965517241,0.3,0.051067279113753
1,3,1.82191780821918,0.388889184030525,0.421052631578947,0.862068965517241,0.3,0.051067279113753
2,2,1.33972602739726,0.388889184030525,0.421052631578947,0.862068965517241,0.3,0.051067279113753
3,3,0.997260273972603,0.388889184030525,0.421052631578947,0.862068965517241,0.3,0.051067279113753
3,4,1.63013698630137,0.388889184030525,0.421052631578947,0.862068965517241,0.3,0.051067279113753
1,3,1.00821917808219,0.388889184030525,0.421052631578947,0.862068965517241,0.3,0.051067279113753
3,3,3.41369863013699,0.388889184030525,0.421052631578947,0.862068965517241,0.3,0.051067279113753
1,1,0.394520547945205,0.388889184030525,0.421052631578947,0.862068965517241,0.3,0.051067279113753
3,3,0.901369863013699,0.388889184030525,0.421052631578947,0.862068965517241,0.3,0.051067279113753
3,3,1.34520547945205,0.388889184030525,0.421052631578947,0.862068965517241,0.3,0.0511225317825264
3,3,0.668493150684932,0.388889184030525,0.421052631578947,0.862068965517241,0.3,0.0511225317825264
3,3,2.48767123287671,0.388889184030525,0.421052631578947,0.862068965517241,0.3,0.0511225317825264
3,3,3.15890410958904,0.388889184030525,0.421052631578947,0.862068965517241,0.3,0.0511225317825264
2,3,1.87671232876712,0.388889184030525,1,0.862068965517241,0.3,0.0511225317825264
2,3,0.989041095890411,0.388889184030525,1,0.862068965517241,0.3,0.0511225317825264
2,4,0.243835616438356,0.388889184030525,1,0.862068965517241,0.3,0.0511225317825264
1,1,0.901369863013699,0.388889184030525,1,0.862068965517241,0.3,0.0511225317825264
1,4,0.758904109589041,0.388889184030525,1,0.862068965517241,0.3,0.0756302521008403
1,1,0.901369863013699,0.388889184030525,1,0.862068965517241,0.3,0
3,3,0.989041095890411,0.388889184030525,1,0.862068965517241,0.3,0
1,3,2.16712328767123,0.388889184030525,1,0.862068965517241,0.3,0
3,3,0.86027397260274,0.388889184030525,1,0.862068965517241,0.3,0
1,1,0.808219178082192,0.388889184030525,1,0.862068965517241,0.3,0
1,2,0.131506849315068,0.388889184030525,1,0.862068965517241,0.3,0
1,1,0.394520547945205,0.388889184030525,1,0.862068965517241,0.3,0
1,2,2.16712328767123,0.388889184030525,1,0.862068965517241,0.3,0
1,1,0.394520547945205,0.388889184030525,1,0.862068965517241,0.3,0
3,4,0.542465753424658,0.388889184030525,1,0.862068965517241,0.3,0.0788156797331109
3,3,0.457534246575342,0.388889184030525,1,0.862068965517241,0.3,0.0788156797331109
2,3,1.87945205479452,0.388889184030525,1,0.862068965517241,0.3,0.0788156797331109
2,2,2.33424657534247,0.388889184030525,1,0.862068965517241,0.3,0.0788156797331109
3,4,0.542465753424658,0.388889184030525,1,0.862068965517241,0.3,0.0788156797331109
1,1,0.394520547945205,0.388889184030525,1,0.862068965517241,0.3,0.0788156797331109
1,3,2.71780821917808,0.388889184030525,1,0.862068965517241,0.3,0.0788156797331109
2,3,1.92602739726027,0.388889184030525,1,0.862068965517241,0.3,0.078684429641965
3,3,2.16712328767123,0.388889184030525,1,0.862068965517241,0.3,0.0472263868065967
3,3,1.87945205479452,0.388889184030525,1,0.862068965517241,0.3,0.0472263868065967
3,3,0.997260273972603,0.388889184030525,1,0.862068965517241,0.3,0.0472263868065967
1,1,1.73698630136986,0.388480023097289,1,0.862068965517241,0.3,0.0472736368184092
3,3,2.89315068493151,0.388480023097289,1,0.862068965517241,0.3,0.0472736368184092
1,1,0.394520547945205,0.388480023097289,1,0.862068965517241,0.3,0.0472736368184092
1,3,2.26301369863014,0.388480023097289,1,0.862068965517241,0.3,0.0472736368184092
1,2,2.04931506849315,0.388480023097289,1,0.862068965517241,0.3,0.0472736368184092
1,2,3.19452054794521,0.388480023097289,1,0.862068965517241,0.3,0.0472263868065967
2,2,0.964383561643836,0.388480023097289,1,0.862068965517241,0.3,0
2,2,0.632876712328767,0.388480023097289,1,0.655172413793103,0.3,0.0199010213751711
3,3,0.487671232876712,0.388480023097289,1,0.655172413793103,0.3,0.0199010213751711
2,3,0.83013698630137,0.388480023097289,1,0.655172413793103,0.3,0.0199010213751711
2,3,2.99452054794521,0.388480023097289,1,0.655172413793103,0.3,0.0199010213751711
1,2,1.02191780821918,0.388480023097289,1,0.655172413793103,0.3,0.0210046677039342
4,4,0.517808219178082,0.388480023097289,1,0.655172413793103,0.3,0.0572727272727273
3,4,2.61369863013699,0.388480023097289,1,0.655172413793103,0.3,0.0572727272727273
3,3,1.21917808219178,0.388480023097289,1,0.862068965517241,0.3,0
1,4,2.84931506849315,0.388480023097289,1,0.655172413793103,0.75,0
1,3,2.02739726027397,0.388480023097289,1,0.482758620689655,0.3,0.0378226936161697
2,2,0.997260273972603,0.388480023097289,1,0.482758620689655,0.3,0
1,1,0.394520547945205,0.388480023097289,1,0.482758620689655,0.3,0.0189
2,2,0.997260273972603,0.388480023097289,1,0.482758620689655,0.3,0
2,3,2.93972602739726,0.388480023097289,1,0.482758620689655,0.3,0
2,3,0.83013698630137,0.388480023097289,1,0.862068965517241,0.3,0.00945
3,3,0.517808219178082,0.388480023097289,1,0.862068965517241,0.3,0.00945
3,3,1.96164383561644,0.388480023097289,1,0.862068965517241,0.3,0.00945
1,1,0.808219178082192,0.388480023097289,1,0.862068965517241,0.75,0
1,1,0.808219178082192,0.388480023097289,1,0.862068965517241,0.3,0
2,3,1.43835616438356,0.388480023097289,1,0.862068965517241,0.3,0
3,3,0.487671232876712,0.388480023097289,1,0.862068965517241,0.3,0
3,3,1.10684931506849,0.388480023097289,1,0.862068965517241,0.3,0
1,1,0.761643835616438,0.388480023097289,1,0.862068965517241,0.75,0
1,4,2.02739726027397,0.388480023097289,1,0.862068965517241,0.75,0
1,4,2.02739726027397,0.388480023097289,1,0.862068965517241,0.3,0
1,3,3.03013698630137,0.388480023097289,1,0.862068965517241,0.3,0
1,1,0.808219178082192,0.388898893289158,1,0.862068965517241,0.3,0
1,1,0.808219178082192,0.388898893289158,1,0.862068965517241,0.3,0
1,3,3.5041095890411,0.388898893289158,1,0.862068965517241,0.3,0
1,4,0.772602739726027,0.388898893289158,1,0.862068965517241,0.3,0
1,1,0.106849315068493,0.388898893289158,1,0.862068965517241,0.3,0
1,1,0.394520547945205,0.388898893289158,1,0.862068965517241,0.3,0.0654658815379286
1,3,2.6958904109589,0.388898893289158,1,0.862068965517241,0.3,0.0654658815379286
1,1,1.53424657534247,0.391775770616389,1,0.655172413793103,0.3,0.315
2,2,1.05479452054795,0.391775770616389,1,0.655172413793103,0.3,0
1,3,1.98904109589041,0.391775770616389,1,0.862068965517241,0.75,0
1,2,0.923287671232877,0.391775770616389,1,0.862068965517241,0.75,0
2,3,2.75616438356164,0.391775770616389,1,0.482758620689655,0.3,0.0935643564356436
1,4,0.912328767123288,0.391775770616389,1,0.482758620689655,0.3,0.0935643564356436
3,3,0.394520547945205,0.391775770616389,1,0.482758620689655,0.3,0.0935643564356436
1,4,3.09315068493151,0.391775770616389,0.894736842105263,0.862068965517241,0.3,0
1,1,0.808219178082192,0.391775770616389,0.894736842105263,0.862068965517241,0.3,0
1,3,3.03287671232877,0.391775770616389,0.894736842105263,0.862068965517241,0.3,0
1,4,0.616438356164384,0.391775770616389,0.894736842105263,0.862068965517241,0.3,0
4,4,0.53972602739726,0.391775770616389,0.894736842105263,0.862068965517241,0.3,0
1,2,1.46575342465753,0.391775770616389,0.894736842105263,0.862068965517241,0.3,0
1,3,0.835616438356164,0.391775770616389,1,0.862068965517241,0.75,0
1,3,3.33424657534247,0.407595096460082,0.789473684210526,0.862068965517241,0.3,0.105175292153589
1,1,0.898630136986301,0.407595096460082,0.894736842105263,0.862068965517241,0.3,0.125832223701731
1,1,1.45479452054795,0.407595096460082,0.894736842105263,0.862068965517241,0.3,0.125832223701731
3,3,1.05479452054795,0.407595096460082,0.789473684210526,0.862068965517241,0.3,0.0662692847124825
3,3,2.27123287671233,0.177527471085064,0.789473684210526,0.862068965517241,0.3,0.12625250501002
2,3,1.04931506849315,0.177527471085064,0.789473684210526,0.862068965517241,0.75,0.1575
2,3,2.27123287671233,0.177527471085064,0.789473684210526,0.862068965517241,0.75,0.1575
1,1,2.25753424657534,0.177527471085064,0.789473684210526,0.862068965517241,0.75,0.1575
2,2,0.556164383561644,0.177527471085064,0.789473684210526,0.862068965517241,0.3,0.023625
2,2,1.99452054794521,0.177527471085064,0.789473684210526,0.862068965517241,0.3,0.023625
3,3,2.59178082191781,0.169786978392469,0.315789473684211,0.482758620689655,0.3,0.466666666666667
3,4,0.747945205479452,0.169786978392469,0.315789473684211,0.862068965517241,0.3,0.343636363636364
3,3,1.07397260273973,0.220464016183026,0.315789473684211,0.862068965517241,0.75,0
3,3,0.29041095890411,0.220464016183026,0.315789473684211,0.862068965517241,0.75,0
3,3,0.882191780821918,0.220464016183026,0.315789473684211,0.655172413793103,0.3,0
2,2,2.0986301369863,0.220464016183026,0.789473684210526,0.655172413793103,0.3,0
3,4,0.594520547945205,0.220464016183026,0.789473684210526,0.862068965517241,0.3,0.756
3,4,0.663013698630137,0.0232625466985038,0.789473684210526,0.862068965517241,0.75,0.63
2,2,0.298630136986301,0.220464016183026,0.315789473684211,0.862068965517241,0.75,0
1,3,1.62739726027397,0.220464016183026,0.315789473684211,0.862068965517241,0.3,0
2,2,1.07123287671233,0.220464016183026,0.315789473684211,0.862068965517241,0.3,0
2,3,0.923287671232877,0.220464016183026,0.315789473684211,0.862068965517241,0.3,0
2,3,1.60547945205479,0.222310863844603,0.736842105263158,0.862068965517241,0.75,0
2,2,1.33424657534247,0.388889184030525,0.421052631578947,0.862068965517241,0.3,0
1,1,0.808219178082192,0.388889184030525,0.421052631578947,0.862068965517241,0.3,0
2,3,1.00547945205479,0.388889184030525,0.421052631578947,0.862068965517241,0.3,0
2,3,1.87671232876712,0.388889184030525,0.421052631578947,0.862068965517241,0.3,0.0511225317825264
2,2,1,0.388889184030525,0.421052631578947,0.862068965517241,0.3,0.051067279113753
3,3,2.02191780821918,0.388889184030525,0.421052631578947,0.862068965517241,0.3,0.051067279113753
3,3,1.27671232876712,0.388889184030525,0.421052631578947,0.862068965517241,0.3,0.051067279113753
2,3,0.252054794520548,0.388889184030525,0.421052631578947,0.862068965517241,0.3,0.051067279113753
1,1,2.14520547945205,0.388889184030525,0.421052631578947,0.862068965517241,0.3,0.051067279113753
2,4,2.87397260273973,0.388889184030525,0.421052631578947,0.862068965517241,0.3,0.051067279113753
3,3,2.33424657534247,0.388889184030525,0.421052631578947,0.862068965517241,0.3,0.051067279113753
2,3,0.989041095890411,0.388889184030525,1,0.862068965517241,0.3,0.0511225317825264
1,3,1.76712328767123,0.388889184030525,1,0.862068965517241,0.3,0
3,3,0.136986301369863,0.388889184030525,1,0.862068965517241,0.3,0
2,2,0.989041095890411,0.388889184030525,1,0.862068965517241,0.3,0.078684429641965
1,1,0.394520547945205,0.388889184030525,1,0.862068965517241,0.3,0.0788156797331109
1,2,0.383561643835616,0.388889184030525,1,0.862068965517241,0.3,0.0788156797331109
2,2,0.706849315068493,0.388480023097289,1,0.862068965517241,0.75,0
1,1,0.808219178082192,0.388480023097289,1,0.482758620689655,0.3,0.0189
3,3,1.96164383561644,0.388480023097289,1,0.482758620689655,0.3,0
1,3,1.17260273972603,0.388480023097289,1,0.862068965517241,0.3,0.00945
2,2,2.16164383561644,0.388480023097289,1,0.862068965517241,0.3,0
1,1,0.895890410958904,0.391775770616389,1,0.862068965517241,0.3,0.0945
3,3,3.98356164383562,0.391775770616389,1,0.862068965517241,0.3,0.0935643564356436
3,4,0.997260273972603,0.391775770616389,1,0.862068965517241,0.3,0.0935643564356436
2,2,0.912328767123288,0.391775770616389,1,0.482758620689655,0.3,0.0935643564356436
1,4,1.85205479452055,0.391775770616389,0.894736842105263,0.862068965517241,0.3,0
2,3,0.561643835616438,0.391775770616389,0.894736842105263,0.862068965517241,0.3,0
3,3,0.6,0.407595096460082,0.789473684210526,0.862068965517241,0.3,0.0662692847124825
2,2,0.983561643835616,0.177527471085064,0.789473684210526,0.862068965517241,0.3,0.1575
2,2,2.02739726027397,0.1766232798999,0.578947368421053,0.862068965517241,0.3,0.0472381904523869
3,3,1.35890410958904,0.0553565151903362,0.368421052631579,0.482758620689655,0,0.167256637168142
3,4,1.24657534246575,0.189667160260638,0.0789473684210526,0.655172413793103,0.75,0.75
1,3,1.31780821917808,0.0592884033317823,0.315789473684211,0.655172413793103,0.75,0.0756
3,4,1.0027397260274,0.18992995572524,0.105263157894737,0.482758620689655,0,0
1,1,1.18630136986301,0.189869388606125,0.263157894736842,0.482758620689655,0,0
1,3,3.35342465753425,0.1899237104381,0.315789473684211,0.482758620689655,0,0.0718631178707224
1,1,0.887671232876712,0.1899237104381,0.315789473684211,0.482758620689655,0,0.0718631178707224
1,1,1.18630136986301,0.1899237104381,0.315789473684211,0.482758620689655,0,0.0718631178707224
2,2,0.115068493150685,0.16697279388003,0.315789473684211,0.655172413793103,0.3,0
2,3,0.876712328767123,0.16697279388003,0.315789473684211,0.482758620689655,0.3,0
1,1,0.745205479452055,0.167299576501942,0.315789473684211,0.482758620689655,0.3,0.397058823529412
2,2,3.63561643835616,0.173939655007635,0.447368421052632,0.482758620689655,0,0.1512
2,4,3.63561643835616,0.116574016074612,0.368421052631579,0.655172413793103,0.75,0.768292682926829
2,5,1.59178082191781,0.171949517208213,0.263157894736842,0.655172413793103,0.75,0.75751503006012
1,3,1.16164383561644,0.0859237959796086,0.289473684210526,0.655172413793103,0.75,0.181730769230769
3,3,1.15616438356164,0.0859237959796086,0.289473684210526,0.655172413793103,0.75,0.181730769230769
1,1,0.863013698630137,0.0859237959796086,0.289473684210526,0.655172413793103,0.75,0.181730769230769
2,2,1.21369863013699,0.0440157023280943,0.368421052631579,0.482758620689655,0.3,0
1,2,1.72602739726027,0.0440157023280943,0.368421052631579,0.482758620689655,0.3,0
1,1,2.93972602739726,0.0440157023280943,0.263157894736842,0.655172413793103,0.75,0.442622950819672
1,3,3.34794520547945,0.0440157023280943,0.342105263157895,0.655172413793103,0.75,0.756
1,4,1.19452054794521,0.0440157023280943,0.236842105263158,0.482758620689655,0.3,0.313953488372093
1,3,2.06027397260274,0.0440157023280943,0.236842105263158,0.482758620689655,0.3,0.313953488372093
1,1,0.887671232876712,0.0440157023280943,0.289473684210526,0.482758620689655,0.3,0.0945
3,4,0.0876712328767123,0.169943320099002,0.421052631578947,0.482758620689655,0.3,0.694000749080174
1,3,1.16712328767123,0.189318478579922,0.394736842105263,0.655172413793103,0.75,0
3,3,1.13424657534247,0.189667160260638,0.315789473684211,0.655172413793103,0.3,0
3,3,0.747945205479452,0.189667160260638,0.315789473684211,0.655172413793103,0.3,0
3,5,0.723287671232877,0.189900743462232,0.105263157894737,0.655172413793103,0.75,0.4725
5,5,0.241095890410959,0.0592884033317823,0.315789473684211,0.482758620689655,0.3,0.0756
3,3,0.284931506849315,0.18992995572524,0.105263157894737,0.655172413793103,0.75,0
3,4,1.88219178082192,0.18992995572524,0.263157894736842,0.482758620689655,0,0
2,3,3.18630136986301,0.18992995572524,0.263157894736842,0.655172413793103,0.3,0.190524193548387
3,3,1.15068493150685,0.189869388606125,0.263157894736842,0.482758620689655,0.3,0.272334293948127
3,3,0.879452054794521,0.189869388606125,0.263157894736842,0.482758620689655,0.3,0.272334293948127
1,2,0.731506849315068,0.0859611460410111,0.315789473684211,0.482758620689655,0.75,0
3,3,2.76438356164384,0.0859237959796086,0.263157894736842,0.655172413793103,0.75,0.3024
1,3,2.03013698630137,0.0446936809671035,0.394736842105263,0.655172413793103,0.75,0.105882352941176
2,3,1.10684931506849,0.0420930798676789,0.368421052631579,0.482758620689655,0,0.378
5,5,0.673972602739726,0.0440157023280943,0.421052631578947,0.655172413793103,0.75,0.625827814569537
1,3,1.03287671232877,0.0440157023280943,0.210526315789474,0.655172413793103,0.75,0
5,5,0.243835616438356,0.0440157023280943,0.315789473684211,0.655172413793103,0.75,0.771428571428572
1,1,1.92876712328767,0.0440157023280943,0.263157894736842,0.655172413793103,0.75,0.0718085106382979
1,2,2.8,0.0440157023280943,0.263157894736842,0.655172413793103,0.75,0.0718085106382979
1,3,1.27397260273973,0.0440157023280943,0.289473684210526,0.655172413793103,0.75,0.667844522968198
1,1,2.93972602739726,0.0440157023280943,0.342105263157895,0.655172413793103,0.75,0
1,2,2.07397260273973,0.0440157023280943,0.342105263157895,0.655172413793103,0.75,0.756
3,5,0.120547945205479,0.139342278260742,0.315789473684211,0.482758620689655,0.3,0
4,5,0.123287671232877,0.0521655114102072,0.157894736842105,0.482758620689655,0.3,0
2,3,1.37808219178082,0.0592884033317823,0.315789473684211,0.482758620689655,0.3,0.994736842105263
2,5,0.819178082191781,0.139342278260742,0.368421052631579,0.482758620689655,0.3,0
4,5,0.117808219178082,0.0521655114102072,0.157894736842105,0.482758620689655,0.3,0
4,5,0.120547945205479,0.139342278260742,0.368421052631579,0.482758620689655,0.3,0
1,4,0.923287671232877,0.0423466696168214,0.421052631578947,0.655172413793103,0.75,0.478481012658228
3,3,0.783561643835616,0.25753052532787,0,0.482758620689655,0.3,0.317114093959732
3,3,1.4,0.25753052532787,0,0.482758620689655,0.3,0.317114093959732
3,4,1.9013698630137,0.25753052532787,0,0.482758620689655,0.3,0.317114093959732
1,1,0.676712328767123,0.265170093098847,0,0.655172413793103,0.3,0.23625
1,1,1.76712328767123,0.265170093098847,0,0.655172413793103,0.3,0.23625
1,1,1.97260273972603,0.265170093098847,0,0.655172413793103,0.3,0.315
1,1,0.676712328767123,0.265170093098847,0,0.655172413793103,0.3,0.315
3,3,0.83013698630137,0.265170093098847,0,0.655172413793103,0.3,0.315
3,3,1.01095890410959,0.265170093098847,0,0.655172413793103,0.3,0.315
3,3,1.01369863013699,0.265170093098847,0,0.655172413793103,0.3,0.315
1,3,1.41643835616438,0.265170093098847,0.342105263157895,0.655172413793103,0.3,0.315
3,3,1.27671232876712,0.263206071954738,0.342105263157895,0.482758620689655,0.3,0.0415841584158416
3,4,2.7041095890411,0.263206071954738,0.342105263157895,0.482758620689655,0.3,0.0415841584158416
3,3,2.96712328767123,0.263206071954738,0.421052631578947,0.482758620689655,0.3,0.189
4,4,0.101369863013699,0.263206071954738,0.421052631578947,0.655172413793103,0.3,0.227163461538462
3,3,1.01369863013699,0.263206071954738,0.421052631578947,0.655172413793103,0.3,0.227163461538462
1,3,3.06849315068493,0.229765215594477,0.447368421052632,0.482758620689655,0.3,0.165789473684211
1,1,3.81095890410959,0.229765215594477,0.447368421052632,0.482758620689655,0.3,0
1,3,2.39178082191781,0.229765215594477,0.447368421052632,0.482758620689655,0.3,0
3,3,0.934246575342466,0.229765215594477,0.447368421052632,0.655172413793103,0.3,0.63
2,4,0.295890410958904,0.257418022292755,0.421052631578947,0.655172413793103,0.3,0.504
3,3,1.7013698630137,0.327245367950284,0.368421052631579,0.655172413793103,0.3,0.36
3,3,3.62465753424658,0.327245367950284,0.368421052631579,0.655172413793103,0.3,0.36
3,3,3.29315068493151,0.327247841732853,0.157894736842105,0.655172413793103,0.3,0.0189
2,2,0.958904109589041,0.327247841732853,0.315789473684211,0.655172413793103,0.3,0
1,2,3.95616438356164,0.327247841732853,0.315789473684211,0.655172413793103,0.3,0
3,3,1.53972602739726,0.327247841732853,0.315789473684211,0.655172413793103,0.3,0
4,4,0.268493150684932,0.327247841732853,0.315789473684211,0.655172413793103,0.3,0.0799492385786802
3,5,1.41643835616438,0.327247841732853,0.315789473684211,0.655172413793103,0.3,0.0799492385786802
3,4,2.09315068493151,0.327247841732853,0.315789473684211,0.655172413793103,0.3,0.0799492385786802
3,4,0.961643835616438,0.327247841732853,0.315789473684211,0.655172413793103,0.3,0.0785862785862786
3,3,0.786301369863014,0.328452742817913,0.315789473684211,0.482758620689655,0.3,0
3,3,1.32602739726027,0.328452742817913,0.315789473684211,0.482758620689655,0.3,0
2,2,3.84109589041096,0.328437176912844,0.578947368421053,0.862068965517241,0.3,0.315
3,4,1.13150684931507,0.293027419433025,0.473684210526316,0.482758620689655,0.3,0.0756
1,1,2.95068493150685,0.291124999530252,0.578947368421053,0.655172413793103,0.3,0
1,1,1.24931506849315,0.291124999530252,0.578947368421053,0.655172413793103,0.3,0
1,3,0.863013698630137,0.291124999530252,0.578947368421053,0.655172413793103,0.3,0
3,3,0.956164383561644,0.291124999530252,0.578947368421053,0.655172413793103,0.3,0
1,1,3.8986301369863,0.291124999530252,0.578947368421053,0.655172413793103,0.3,0
1,3,1.47671232876712,0.291124999530252,0.578947368421053,0.655172413793103,0.3,0.132260321903429
1,1,3.8986301369863,0.291124999530252,0.578947368421053,0.655172413793103,0.3,0.132260321903429
3,3,1.25753424657534,0.291124999530252,0.578947368421053,0.655172413793103,0.3,0.06805905653583
3,3,3.11232876712329,0.291124999530252,0.578947368421053,0.655172413793103,0.3,0.06805905653583
3,4,2.24931506849315,0.291124999530252,0.578947368421053,0.655172413793103,0.3,0.06805905653583
2,3,1.24657534246575,0.28808702556196,0.263157894736842,0.655172413793103,0.3,0.00756
3,3,2.46575342465753,0.28808702556196,0.263157894736842,0.655172413793103,0.3,0
3,3,2.84931506849315,0.25796914184699,0.263157894736842,0.655172413793103,0.3,0
2,3,2.7972602739726,0.288066626994224,0.263157894736842,0.655172413793103,0.3,0.192857142857143
3,3,1.26575342465753,0.288066626994224,0.263157894736842,0.655172413793103,0.3,0.192857142857143
3,4,1.11780821917808,0.288066626994224,0.605263157894737,0.655172413793103,0.3,0.192857142857143
1,3,2.82465753424658,0.288066626994224,0.315789473684211,0.655172413793103,0.3,0.309836065573771
1,2,2.62191780821918,0.129474332559269,0.552631578947368,0.655172413793103,0.3,0
5,5,0.802739726027397,0.124351980490047,0.394736842105263,0.655172413793103,0.3,0.63
3,3,1.21095890410959,0.131056499003958,0.394736842105263,0.655172413793103,0.3,0.555882352941176
3,3,1.09041095890411,0.176898109708391,0,0.482758620689655,0.3,0.190909090909091
3,3,0.676712328767123,0.176898109708391,0,0.482758620689655,0.3,0.190909090909091
3,3,0.887671232876712,0.176898109708391,0,0.482758620689655,0.3,0.190909090909091
3,4,1.01369863013699,0.176898109708391,0,0.482758620689655,0.3,0.190909090909091
1,1,0.676712328767123,0.176898109708391,0,0.482758620689655,0.3,0.190909090909091
1,3,1.4,0.176898109708391,0,0.482758620689655,0.3,0.190909090909091
3,4,3.95890410958904,0.25753052532787,0,0.482758620689655,0.3,0.198947368421053
3,4,1.86301369863014,0.25753052532787,0,0.482758620689655,0.3,0.198947368421053
1,3,0.83013698630137,0.25753052532787,0,0.655172413793103,0.3,0.344890510948905
3,3,1.32876712328767,0.25753052532787,0,0.655172413793103,0.3,0.345521023765996
3,3,0.515068493150685,0.25753052532787,0,0.655172413793103,0.3,0.345521023765996
1,3,1.46575342465753,0.25753052532787,0.473684210526316,0.482758620689655,0.3,0.36
3,3,2.45205479452055,0.25753052532787,0.473684210526316,0.482758620689655,0.3,0.36
3,3,0.83013698630137,0.25753052532787,0.473684210526316,0.482758620689655,0.3,0.36
3,4,0.676712328767123,0.25753052532787,0.473684210526316,0.482758620689655,0.3,0.375745526838966
1,1,1.09041095890411,0.265170093098847,0.315789473684211,0.482758620689655,0.3,0.371316306483301
1,1,0.676712328767123,0.265170093098847,0.315789473684211,0.482758620689655,0.3,0.371316306483301
1,3,3.24657534246575,0.265170093098847,0.315789473684211,0.482758620689655,0.3,0.378
3,4,2.7041095890411,0.265170093098847,0.315789473684211,0.482758620689655,0.3,0.378
2,4,0.284931506849315,0.265170093098847,0.342105263157895,0.482758620689655,0.3,0
1,3,1.09041095890411,0.265170093098847,0.342105263157895,0.482758620689655,0.3,0.315
3,3,0.83013698630137,0.265170093098847,0.342105263157895,0.482758620689655,0.3,0.315
3,3,1.01369863013699,0.265170093098847,0.342105263157895,0.482758620689655,0.3,0.315
3,3,0.106849315068493,0.326737972164999,0.578947368421053,0.655172413793103,0.3,0.444705882352941
1,4,3.48767123287671,0.326737972164999,0.578947368421053,0.655172413793103,0.3,0.444705882352941
2,3,1.77808219178082,0.281305407491333,0.157894736842105,0.655172413793103,0.3,0
3,3,0.997260273972603,0.281305407491333,0.157894736842105,0.655172413793103,0.3,0
3,3,0.991780821917808,0.327247841732853,0.315789473684211,0.655172413793103,0.3,0.0799492385786802
3,3,1.0027397260274,0.327247841732853,0.315789473684211,0.655172413793103,0.3,0.0799492385786802
2,2,1.03013698630137,0.327247841732853,0.315789473684211,0.655172413793103,0.3,0.0799492385786802
3,4,3.43287671232877,0.327247841732853,0.315789473684211,0.655172413793103,0.3,0.0799492385786802
2,2,1.03013698630137,0.327247841732853,0.315789473684211,0.655172413793103,0.3,0.053922967189729
2,2,0.964383561643836,0.327247841732853,0.315789473684211,0.655172413793103,0.3,0.053922967189729
1,2,3.16164383561644,0.327247841732853,0.315789473684211,0.655172413793103,0.3,0.0785862785862786
2,2,1.03013698630137,0.327247841732853,0.315789473684211,0.655172413793103,0.3,0.0785862785862786
3,3,0.268493150684932,0.327247841732853,0.315789473684211,0.655172413793103,0.3,0.0785862785862786
1,3,0.263013698630137,0.327247841732853,0.315789473684211,0.655172413793103,0.3,0
3,3,3.11232876712329,0.327247841732853,0.315789473684211,0.655172413793103,0.3,0
3,3,1.13150684931507,0.327247841732853,0.315789473684211,0.655172413793103,0.3,0
3,4,1.46027397260274,0.327247841732853,0.315789473684211,0.655172413793103,0.3,0
3,4,0.838356164383562,0.327247841732853,0.315789473684211,0.655172413793103,0.3,0
3,3,1.25753424657534,0.328452742817913,0.315789473684211,0.482758620689655,0.3,0
4,4,0.821917808219178,0.328452742817913,0.315789473684211,0.482758620689655,0.3,0
1,1,3.8986301369863,0.328452742817913,0.315789473684211,0.482758620689655,0.3,0
1,1,1.95616438356164,0.328452742817913,0.315789473684211,0.482758620689655,0.3,0
2,2,1.05479452054795,0.328437176912844,0.578947368421053,0.862068965517241,0.3,0.315
2,2,0.295890410958904,0.0884739481361616,0.578947368421053,0.482758620689655,0.3,0
2,2,1.79178082191781,0.0884739481361616,0.578947368421053,0.482758620689655,0.3,0
2,4,3.95616438356164,0.0884739481361616,0.578947368421053,0.482758620689655,0.3,0
3,3,0.147945205479452,0.291124999530252,0.578947368421053,0.655172413793103,0.3,0.0189
1,2,0.958904109589041,0.291124999530252,0.578947368421053,0.655172413793103,0.3,0.0189
2,4,1.45479452054795,0.291124999530252,0.578947368421053,0.655172413793103,0.3,0.0189
2,2,0.295890410958904,0.207036479857692,0.578947368421053,0.206896551724138,0,0
2,5,0.178082191780822,0.207036479857692,0.578947368421053,0.482758620689655,0.3,0
3,3,1.27123287671233,0.28808702556196,0.263157894736842,0.655172413793103,0.3,0
1,4,3.1041095890411,0.25796914184699,0.578947368421053,0.655172413793103,0.3,0
1,4,2.07123287671233,0.25796914184699,0.578947368421053,0.655172413793103,0.3,0
2,2,0.295890410958904,0.109883982030768,0.342105263157895,0.482758620689655,0.3,0
2,2,1.79178082191781,0.109883982030768,0.342105263157895,0.482758620689655,0.3,0
1,1,0.783561643835616,0.25753052532787,0,0.655172413793103,0.3,0.317114093959732
1,1,0.783561643835616,0.265170093098847,0.342105263157895,0.655172413793103,0.3,0.315
1,3,2.28493150684932,0.265170093098847,0.342105263157895,0.655172413793103,0.3,0.315
1,1,0.783561643835616,0.265170093098847,0.342105263157895,0.482758620689655,0.3,0
1,1,0.676712328767123,0.264719486169136,0.421052631578947,0.482758620689655,0.3,0
1,3,0.934246575342466,0.263206071954738,0.447368421052632,0.655172413793103,0.3,0
3,4,2.13424657534247,0.263206071954738,0.447368421052632,0.655172413793103,0.3,0
3,3,3.56438356164384,0.326737972164999,0.368421052631579,0.655172413793103,0.3,0
3,4,0.767123287671233,0.146161672207804,0.368421052631579,0.655172413793103,0.3,0.389690721649485
2,3,0.49041095890411,0.296264276057264,0.578947368421053,0.655172413793103,0.3,0
2,2,1.06301369863014,0.100762314347687,0.342105263157895,0.655172413793103,0.3,0.445754716981132
1,3,2.16712328767123,0.109883982030768,0.342105263157895,0.655172413793103,0.3,0.536931818181818
2,2,1.48219178082192,0.146161672207804,0.368421052631579,0.655172413793103,0.3,0.357277882797732
2,3,0.745205479452055,0.146161672207804,0.368421052631579,0.655172413793103,0.3,0.357277882797732
2,2,1.48493150684931,0.146161672207804,0.421052631578947,0.655172413793103,0.3,0.235367372353674
2,3,0.742465753424657,0.146161672207804,0.421052631578947,0.655172413793103,0.3,0.235367372353674
3,3,0.698630136986301,0.0423466696168214,0.473684210526316,0.862068965517241,0.3,0
2,4,0.263013698630137,0.25753052532787,0,0.655172413793103,0.3,0.308823529411765
4,4,0.153424657534247,0.25753052532787,0,0.655172413793103,0.3,0.344890510948905
2,2,3.36986301369863,0.265170093098847,0,0.655172413793103,0.3,0.359315589353612
3,4,0.701369863013699,0.265170093098847,0.342105263157895,0.482758620689655,0.3,0.315
3,4,3.11506849315069,0.264719486169136,0.473684210526316,0.482758620689655,0.3,0.113445378151261
1,1,0.676712328767123,0.264719486169136,0.421052631578947,0.655172413793103,0.3,0
1,1,0.676712328767123,0.264719486169136,0.421052631578947,0.482758620689655,0.3,0
3,3,3.1041095890411,0.264719486169136,0.447368421052632,0.482758620689655,0.3,0.198947368421053
1,4,0.83013698630137,0.264719486169136,0.447368421052632,0.482758620689655,0.3,0.156846473029046
4,4,0.70958904109589,0.264719486169136,0.447368421052632,0.482758620689655,0.3,0.156846473029046
3,3,0.153424657534247,0.263206071954738,0.447368421052632,0.655172413793103,0.3,0
3,4,0.701369863013699,0.229765215594477,0.421052631578947,0.655172413793103,0.3,0
4,4,0.572602739726027,0.229765215594477,0.447368421052632,0.482758620689655,0.3,0
4,4,0.572602739726027,0.229765215594477,0.447368421052632,0.482758620689655,0.3,0
3,3,1.01369863013699,0.229765215594477,0.421052631578947,0.655172413793103,0.75,0.00756
3,3,0.676712328767123,0.229765215594477,0.421052631578947,0.655172413793103,0.75,0.00756
3,3,0.701369863013699,0.257418022292755,0.315789473684211,0.655172413793103,0.3,0.4921875
2,4,0.295890410958904,0.281305407491333,0.578947368421053,0.655172413793103,0.3,0.0204567593895443
2,2,0.150684931506849,0.281305407491333,0.421052631578947,0.655172413793103,0.3,0.0189
2,2,1.84657534246575,0.296264276057264,0.578947368421053,0.655172413793103,0.3,0
3,4,0.654794520547945,0.296264276057264,0.210526315789474,0.482758620689655,0,0.230769230769231
3,3,3.70958904109589,0.0304694109215365,0.473684210526316,0.655172413793103,0.3,0.118125
3,3,0.838356164383562,0.0304694109215365,0.473684210526316,0.655172413793103,0.3,0.118125
1,1,0.920547945205479,0.264719486169136,0.473684210526316,0.655172413793103,0.3,0.06048
1,4,3.06849315068493,0.264719486169136,0.473684210526316,0.655172413793103,0.3,0.1512
1,3,0.934246575342466,0.264719486169136,0.421052631578947,0.655172413793103,0.3,0
3,3,0.405479452054795,0.207036479857692,0.578947368421053,0.206896551724138,0,0
3,3,2.92876712328767,0.207036479857692,0.578947368421053,0.482758620689655,0.3,0.63
3,4,1.3041095890411,0.109883982030768,0.342105263157895,0.655172413793103,0.3,0
5,5,0.167123287671233,0.0423466696168214,0.105263157894737,0.862068965517241,0.3,0.657391304347826
2,2,2.3013698630137,0.0423466696168214,0.210526315789474,0.482758620689655,0.3,0.63
3,3,2.2,0.0423466696168214,0.210526315789474,0.482758620689655,0.3,0.63
3,3,0.298630136986301,0.0423466696168214,0.210526315789474,0.482758620689655,0.3,0.63
3,4,0.967123287671233,0.0423466696168214,0.210526315789474,0.482758620689655,0.3,0.63
3,4,0.967123287671233,0.0423466696168214,0.210526315789474,0.482758620689655,0.3,0
3,3,2.33698630136986,0.0423466696168214,0.210526315789474,0.482758620689655,0.3,0.381818181818182
3,4,2.2027397260274,0.0423466696168214,0.473684210526316,0.862068965517241,0.75,0.470149253731343
3,3,0.164383561643836,0.0423466696168214,0.473684210526316,0.655172413793103,0.75,0
2,2,3.52876712328767,0.0423466696168214,0.473684210526316,0.655172413793103,0.75,0
3,3,3.90684931506849,0.0423466696168214,0.473684210526316,0.482758620689655,0.3,0
2,2,0.671232876712329,0.0423466696168214,0.473684210526316,0.862068965517241,0.75,0
2,2,0.734246575342466,0.0423466696168214,0.157894736842105,0.655172413793103,0.3,0.0378
3,4,0.964383561643836,0.0423466696168214,0.210526315789474,0.482758620689655,0.3,0.63
3,4,0.93972602739726,0.0423466696168214,0.210526315789474,0.482758620689655,0.3,0.63
3,3,3.18082191780822,0.0423466696168214,0.210526315789474,0.482758620689655,0.3,0.63
3,4,0.750684931506849,0.0423466696168214,0.210526315789474,0.482758620689655,0.3,0.63
3,4,1.45753424657534,0.0423466696168214,0.210526315789474,0.482758620689655,0.3,0
3,4,0.967123287671233,0.0423466696168214,0.473684210526316,0.482758620689655,0.3,0.381818181818182
3,3,2.21643835616438,0.0423466696168214,0.210526315789474,0.482758620689655,0.3,0.63
3,3,2.21643835616438,0.0423466696168214,0.210526315789474,0.482758620689655,0.3,0.63
3,4,1.23835616438356,0.0423466696168214,0.210526315789474,0.482758620689655,0.3,0.63
2,2,1.92054794520548,0.0248878317028132,0.210526315789474,0.482758620689655,0.3,0
3,3,1.1013698630137,0.216769665239902,0.473684210526316,0.655172413793103,0.3,0.00189
3,3,0.849315068493151,0.214954888885122,0.210526315789474,0.655172413793103,0.3,0.189
3,3,0.731506849315068,0.129254916156209,0.447368421052632,0.655172413793103,0.3,0.372047244094488
5,5,0.0904109589041096,0.207898309206113,0.394736842105263,0.655172413793103,0.3,0
1,1,3.06575342465753,0.196305569301045,0.552631578947368,0.482758620689655,0,0
5,5,0.126027397260274,0.208249626884647,0.473684210526316,0.655172413793103,0.3,0
3,3,3.02191780821918,0.206603229959773,0.473684210526316,0.655172413793103,0.3,0
3,3,2,0.17675725955827,0.578947368421053,0.482758620689655,0,0.0128518971848225
4,4,0.235616438356164,0.196688390532999,0.578947368421053,0.655172413793103,0.3,0.0189
3,3,2.80821917808219,0.183935507434041,0.210526315789474,0.482758620689655,0,0.111176470588235
2,4,2.04383561643836,0.205574447323855,0.236842105263158,0.482758620689655,0.3,0.00378
3,3,3.09041095890411,0.205574447323855,0.421052631578947,0.482758620689655,0.3,0.00378
3,3,1,0.205574447323855,0.421052631578947,0.482758620689655,0.3,0.00378
3,3,0.775342465753425,0.200760365061095,0,0.655172413793103,0.3,0.256445047489824
4,5,0.147945205479452,0.205507817409757,0,0.655172413793103,0.3,0.078099173553719
3,3,0.775342465753425,0.102725193226075,0.421052631578947,0.655172413793103,0.3,0.63
3,3,0.775342465753425,0.102725193226075,0.263157894736842,0.655172413793103,0.3,0
1,1,0.775342465753425,0.215508434909144,0.526315789473684,0.655172413793103,0.3,0.246414602346806
1,1,0.945205479452055,0.215508434909144,0.526315789473684,0.655172413793103,0.3,0
1,3,1.15342465753425,0.215508434909144,0.526315789473684,0.482758620689655,0.3,0
3,3,2.64657534246575,0.212945393399153,0.578947368421053,0.482758620689655,0,0
1,1,0.852054794520548,0.212945393399153,0.473684210526316,0.655172413793103,0.75,0
1,3,1.88219178082192,0.215470713104459,0.5,0.482758620689655,0,0.123529411764706
3,3,0.775342465753425,0.180816932763212,0.473684210526316,0.482758620689655,0,0
2,4,1.77808219178082,0.180816932763212,0.473684210526316,0.482758620689655,0,0
2,4,1.97808219178082,0.215343826983809,0.473684210526316,0.482758620689655,0,0
3,3,1.93972602739726,0.215210438735207,0.421052631578947,0.482758620689655,0,0
3,3,3.92054794520548,0.215210438735207,0.421052631578947,0.482758620689655,0,0.109565217391304
1,4,1.81369863013699,0.0725118863900621,0.578947368421053,0.655172413793103,0.75,0.1512
1,4,1.98082191780822,0.0725118863900621,0.578947368421053,0.655172413793103,0.75,0.1512
1,1,0.958904109589041,0.0725118863900621,0.578947368421053,0.655172413793103,0.75,0.1512
1,1,3.07671232876712,0.0725118863900621,0.578947368421053,0.655172413793103,0.75,0.1512
1,1,0.775342465753425,0.0725118863900621,0.578947368421053,0.655172413793103,0.75,0.0945
1,1,1.3013698630137,0.0725118863900621,0.578947368421053,0.655172413793103,0.75,0.0945
1,1,0.775342465753425,0.0725118863900621,0.578947368421053,0.655172413793103,0.75,0.0945
1,1,0.980821917808219,0.0725118863900621,0.578947368421053,0.655172413793103,0.75,0.0945
1,4,1,0.0725118863900621,0.578947368421053,0.655172413793103,0.75,0.0945
1,1,3.71780821917808,0.0725118863900621,0.578947368421053,0.655172413793103,0.75,0
1,4,1.81369863013699,0.0725118863900621,0.578947368421053,0.655172413793103,0.75,0
1,1,3.07671232876712,0.0725118863900621,0.578947368421053,0.655172413793103,0.75,0
1,1,0.775342465753425,0.0725118863900621,0.578947368421053,0.655172413793103,0.75,0
1,3,3.11232876712329,0.0725118863900621,0.578947368421053,0.655172413793103,0.75,0
3,5,2.26575342465753,0.0725118863900621,0.578947368421053,0.482758620689655,0,0
1,1,0.852054794520548,0.215470713104459,0.421052631578947,0.482758620689655,0.3,0
1,1,3.07671232876712,0.215470713104459,0.447368421052632,0.482758620689655,0,0
1,4,1.81369863013699,0.0725118863900621,0.578947368421053,0.655172413793103,0.75,0.1512
1,4,1.81369863013699,0.0725118863900621,0.578947368421053,0.655172413793103,0.75,0.1512
3,3,0.693150684931507,0.208036645019853,0.368421052631579,0.655172413793103,0.75,0
5,5,0.123287671232877,0.206603229959773,0.447368421052632,0.655172413793103,0.3,0
5,5,0.175342465753425,0.183935507434041,0.578947368421053,0.482758620689655,0,0.125581395348837
4,5,0.16986301369863,0.200760365061095,0,0.655172413793103,0.3,0.256445047489824
2,4,3.38082191780822,0.0442889944711906,0.421052631578947,0.655172413793103,0.75,0
3,3,0.942465753424658,0.0442889944711906,0.421052631578947,0.482758620689655,0.3,0
1,3,1.87945205479452,0.00390763696151262,0.289473684210526,0.482758620689655,0.3,0
1,1,2.84931506849315,0.00390763696151262,0.210526315789474,0.482758620689655,0,0
1,1,3.12054794520548,0.00390763696151262,0.210526315789474,0.482758620689655,0,0
1,1,0.917808219178082,0.00390763696151262,0.210526315789474,0.482758620689655,0,0
1,1,0.857534246575342,0.00390763696151262,0.210526315789474,0.482758620689655,0,0
1,1,3.12054794520548,0.00390763696151262,0.421052631578947,0.482758620689655,0,0.160851063829787
1,1,0.917808219178082,0.00390763696151262,0.421052631578947,0.482758620689655,0,0.160851063829787
1,3,1.95068493150685,0.00390763696151262,0.421052631578947,0.482758620689655,0.3,0
3,3,1,0.00390763696151262,0.421052631578947,0.482758620689655,0.3,0
3,3,1,0.00390763696151262,0.263157894736842,0.482758620689655,0.3,0.105
3,5,0.194520547945205,0.00390763696151262,0.368421052631579,0.482758620689655,0.3,0
1,1,2.14246575342466,0.00390763696151262,0.421052631578947,0.482758620689655,0.3,0.42
1,4,0.917808219178082,0.00390763696151262,0.368421052631579,0.655172413793103,0.3,0
1,1,2.14246575342466,0.00390366268787804,0.368421052631579,0.482758620689655,0.3,0
1,3,0.96986301369863,0.0038990395532419,0.315789473684211,0.482758620689655,0.3,0.63
1,1,2.96712328767123,0.0038990395532419,0.368421052631579,0.482758620689655,0.3,0.21
3,3,1.05205479452055,0.00390763696151262,0.421052631578947,0.655172413793103,0.3,0
1,1,0.912328767123288,0.00390763696151262,0.263157894736842,0.655172413793103,0.3,0.252
1,3,1.87945205479452,0.00390763696151262,0.315789473684211,0.655172413793103,0.3,0
3,5,0.194520547945205,0.00390763696151262,0.263157894736842,0.655172413793103,0.75,0
3,3,0.194520547945205,0.00390763696151262,0.421052631578947,0.655172413793103,0.75,0
3,3,1,0.00390763696151262,0.315789473684211,0.482758620689655,0,0
1,4,2.14246575342466,0.00390763696151262,0.263157894736842,0.482758620689655,0.3,0.189
3,4,1.97534246575342,0.00390763696151262,0.421052631578947,0.482758620689655,0.3,0.189
2,4,3.02465753424658,0.00390763696151262,0.368421052631579,0.482758620689655,0.3,0.525
3,3,1,0.00390763696151262,0.315789473684211,0.482758620689655,0.3,0.0378
1,3,2.14246575342466,0.00390763696151262,0.263157894736842,0.482758620689655,0.3,0.1512
1,1,1.02191780821918,0.00390763696151262,0.263157894736842,0.482758620689655,0.3,0.0586956521739131
5,5,0.205479452054795,0.00390366268787804,0.368421052631579,0.172413793103448,0.3,0
3,3,1.05205479452055,0.0038990395532419,0.315789473684211,0.655172413793103,0.3,0
2,4,3.01643835616438,0.0038990395532419,0.368421052631579,0.655172413793103,0.3,0.63
2,2,2.9972602739726,0.0038990395532419,0.368421052631579,0.655172413793103,0.3,0
2,4,3.01643835616438,0.0038990395532419,0.315789473684211,0.482758620689655,0.3,0
2,4,0.227397260273973,0.0928581261905417,0.394736842105263,0.655172413793103,0.3,0
1,1,1.85205479452055,0.0786503074749517,0.342105263157895,0.655172413793103,0.3,0.132260321903429
2,4,0.227397260273973,0.0904760087564874,0.578947368421053,0.655172413793103,0.3,0.374257425742574
2,4,1.85479452054795,0.0904401389092447,0.394736842105263,0.655172413793103,0.3,0.504
1,3,2.91506849315068,0.0904401389092447,0.394736842105263,0.655172413793103,0.3,0
1,4,3.04931506849315,0.0877116919156056,0.342105263157895,0.482758620689655,0.3,0
5,5,0.380821917808219,0.0750793617835632,0.578947368421053,0.655172413793103,0.3,0
2,2,2.01643835616438,0.0750793617835632,0.578947368421053,0.655172413793103,0.3,0
3,4,1.66849315068493,0.0750793617835632,0.578947368421053,0.482758620689655,0.3,0
1,1,0.649315068493151,0.0848443886676318,0.394736842105263,0.482758620689655,0.3,0.198529411764706
1,4,3.19178082191781,0.0848443886676318,0.578947368421053,0.482758620689655,0.3,0.0434682612695492
3,3,0.994520547945206,0.0848404752247161,0.421052631578947,0.482758620689655,0,0.154918032786885
1,3,1.99452054794521,0.0783533859770486,0.342105263157895,0.482758620689655,0.3,0.034023402340234
5,5,0.126027397260274,0.0848477275982023,0.342105263157895,0.482758620689655,0.3,0
1,1,1.01643835616438,0.0848477275982023,0.421052631578947,0.655172413793103,0.3,0.0442312192838755
1,3,0.923287671232877,0.0848477275982023,0.315789473684211,0.655172413793103,0.3,0.536931818181818
2,2,1.06301369863014,0.0848099990345489,0.526315789473684,0.482758620689655,0.3,0
2,4,0.616438356164384,0.0577316168148111,0.447368421052632,0.482758620689655,0.3,0.687272727272727
1,3,0.956164383561644,0.0651659687761057,0.578947368421053,0.482758620689655,0.3,0
1,1,1.95616438356164,0.081023286783234,0.578947368421053,0.482758620689655,0.3,0.611650485436893
1,4,1.00821917808219,0.081023286783234,0.578947368421053,0.482758620689655,0.3,0.611650485436893
1,3,0.956164383561644,0.0744387399649253,0.578947368421053,0.862068965517241,0.75,0
2,2,0.0849315068493151,0.0744387399649253,0.578947368421053,0.862068965517241,0.75,0
1,1,3.00821917808219,0.0744387399649253,0.578947368421053,0.482758620689655,0.3,0
2,2,2.05479452054795,0.0809308511263862,0.578947368421053,0.482758620689655,0.3,0
1,1,1.01643835616438,0.0809308511263862,0.526315789473684,0.482758620689655,0.3,0
1,4,0.917808219178082,0.0809308511263862,0.526315789473684,0.482758620689655,0.3,0
1,1,2.05753424657534,0.0809308511263862,0.578947368421053,0.482758620689655,0.3,0.0680345572354212
1,3,0.917808219178082,0.0809308511263862,0.473684210526316,0.655172413793103,0.75,0
3,3,3.22465753424658,0.0809308511263862,0.473684210526316,0.482758620689655,0.3,0
1,3,2.03835616438356,0.06063526979681,0.210526315789474,0.482758620689655,0.3,0.4725
5,5,0.219178082191781,0.06063526979681,0.210526315789474,0.482758620689655,0.3,0.1512
3,4,3.95342465753425,0.0520572259716024,0.421052631578947,0.482758620689655,0.3,0
1,4,3.95342465753425,0.0520572259716024,0.342105263157895,0.482758620689655,0.3,0.0687272727272727
1,4,3.19178082191781,0.0520572259716024,0.342105263157895,0.482758620689655,0.3,0.0687272727272727
4,4,0.33972602739726,0.0520572259716024,0.342105263157895,0.482758620689655,0.3,0.0687272727272727
1,3,2.66301369863014,0.0520572259716024,0.552631578947368,0.482758620689655,0.3,0.0687272727272727
5,5,0.421917808219178,0.0520572259716024,0.342105263157895,0.482758620689655,0.3,0
1,1,2.03287671232877,0.0520572259716024,0.342105263157895,0.482758620689655,0.3,0
1,1,0.994520547945206,0.0520572259716024,0.342105263157895,0.482758620689655,0.3,0.2953125
1,3,3.04383561643836,0.0520572259716024,0.5,0.482758620689655,0.3,0.248684210526316
1,3,3.95342465753425,0.0520572259716024,0.342105263157895,0.482758620689655,0.3,0.23625
1,3,3.15616438356164,0.0520572259716024,0.342105263157895,0.482758620689655,0.3,0.23625
3,3,1.24931506849315,0.0520572259716024,0.578947368421053,0.482758620689655,0.3,0.378
1,1,0.994520547945206,0.0520572259716024,0.578947368421053,0.482758620689655,0.3,0.378
1,1,0.994520547945206,0.0520572259716024,0.578947368421053,0.482758620689655,0.3,0
1,1,0.994520547945206,0.0520572259716024,0.447368421052632,0.482758620689655,0.3,0
1,1,2.03287671232877,0.0520572259716024,0.447368421052632,0.482758620689655,0.3,0
1,3,1.95616438356164,0.0520572259716024,0.447368421052632,0.482758620689655,0.3,0
1,4,3.95342465753425,0.0520572259716024,0.578947368421053,0.482758620689655,0.3,0
1,1,3.99178082191781,0.0520572259716024,0.578947368421053,0.482758620689655,0.3,0
1,1,1.09315068493151,0.051998875794243,0.447368421052632,0.482758620689655,0.3,0
1,1,0.961643835616438,0.051998875794243,0.447368421052632,0.482758620689655,0.3,0
3,3,1.92876712328767,0.051998875794243,0.447368421052632,0.482758620689655,0.3,0
1,3,1.77260273972603,0.051998875794243,0.447368421052632,0.482758620689655,0.3,0
3,3,1.20821917808219,0.051998875794243,0.447368421052632,0.482758620689655,0.3,0
1,1,0.961643835616438,0.051998875794243,0.447368421052632,0.482758620689655,0.3,0.189
1,3,1.01643835616438,0.051998875794243,0.447368421052632,0.482758620689655,0.3,0.189
3,3,0.961643835616438,0.051998875794243,0.578947368421053,0.482758620689655,0.3,0.286363636363636
1,1,0.961643835616438,0.051998875794243,0.447368421052632,0.482758620689655,0.3,0.21
1,1,2.05479452054795,0.051998875794243,0.447368421052632,0.482758620689655,0.3,0.21
1,1,1.09315068493151,0.051998875794243,0.447368421052632,0.482758620689655,0.3,0.54
1,3,2.69041095890411,0.051998875794243,0.394736842105263,0.482758620689655,0.3,0.27
1,1,1.01643835616438,0.051998875794243,0.394736842105263,0.482758620689655,0.3,0.4725
3,4,0.923287671232877,0.051998875794243,0.342105263157895,0.482758620689655,0.3,0.189
3,3,1.92876712328767,0.051998875794243,0.342105263157895,0.482758620689655,0.3,0.189
1,1,0.961643835616438,0.051998875794243,0.394736842105263,0.482758620689655,0.3,0.564179104477612
1,1,3.99178082191781,0.051998875794243,0.394736842105263,0.482758620689655,0.3,0.564179104477612
3,3,2.69041095890411,0.051998875794243,0.473684210526316,0.482758620689655,0.3,0.1575
1,3,1.03561643835616,0.051998875794243,0.342105263157895,0.482758620689655,0.3,0.189
3,3,3.93972602739726,0.051998875794243,0.421052631578947,0.482758620689655,0.3,0.572727272727273
1,3,2.03287671232877,0.051998875794243,0.421052631578947,0.482758620689655,0.3,0.290769230769231
3,3,0.772602739726027,0.051998875794243,0.421052631578947,0.482758620689655,0.3,0.290769230769231
1,1,0.961643835616438,0.051998875794243,0.368421052631579,0.482758620689655,0.3,0.042
1,1,2.95342465753425,0.051998875794243,0.368421052631579,0.482758620689655,0.3,0.315
1,1,0.961643835616438,0.051998875794243,0.421052631578947,0.482758620689655,0.3,0.27
1,3,2.82465753424658,0.051998875794243,0.421052631578947,0.482758620689655,0.3,0.126
1,1,0.827397260273973,0.051998875794243,0.421052631578947,0.482758620689655,0.3,0.126
3,3,1.92876712328767,0.051998875794243,0.421052631578947,0.482758620689655,0.3,0.252
3,3,1.02191780821918,0.051998875794243,0.421052631578947,0.482758620689655,0.3,0.252
1,1,1.01643835616438,0.051998875794243,0.421052631578947,0.482758620689655,0.3,0
1,1,0.961643835616438,0.051998875794243,0.421052631578947,0.482758620689655,0.3,0
1,3,1.68767123287671,0.051998875794243,0.421052631578947,0.482758620689655,0.3,0
3,3,1.02191780821918,0.051998875794243,0.421052631578947,0.482758620689655,0.3,0.484615384615385
1,1,1.09315068493151,0.051998875794243,0.421052631578947,0.482758620689655,0.3,0.252
1,3,0.961643835616438,0.051998875794243,0.421052631578947,0.482758620689655,0.3,0.252
3,3,1.07123287671233,0.051998875794243,0.421052631578947,0.482758620689655,0.3,0
3,3,1.97808219178082,0.051998875794243,0.447368421052632,0.482758620689655,0.3,0.126
3,4,0.961643835616438,0.051998875794243,0.447368421052632,0.482758620689655,0.3,0
1,1,1.0958904109589,0.0518663797295174,0.578947368421053,0.482758620689655,0.3,0
1,1,1.07945205479452,0.0518663797295174,0.473684210526316,0.482758620689655,0.3,0.04725
1,1,3.87671232876712,0.0518663797295174,0.473684210526316,0.482758620689655,0.3,0.04725
1,3,0.964383561643836,0.0518663797295174,0.473684210526316,0.482758620689655,0.3,0.04725
1,1,3.98904109589041,0.0518663797295174,0.473684210526316,0.482758620689655,0.3,0.04725
4,4,0.805479452054795,0.0518663797295174,0.473684210526316,0.482758620689655,0.3,0
1,1,3.19178082191781,0.0518663797295174,0.578947368421053,0.482758620689655,0.3,0
1,3,1.07945205479452,0.0518663797295174,0.578947368421053,0.482758620689655,0.3,0.0378
1,1,3.87671232876712,0.0518663797295174,0.578947368421053,0.482758620689655,0.3,0.0378
1,1,3.19178082191781,0.0518663797295174,0.421052631578947,0.482758620689655,0.3,0
1,1,0.923287671232877,0.0518663797295174,0.421052631578947,0.482758620689655,0.3,0.063
1,1,2.95342465753425,0.0518663797295174,0.421052631578947,0.482758620689655,0.3,0.063
1,3,1.09315068493151,0.0518663797295174,0.578947368421053,0.482758620689655,0.3,0
1,1,1.99452054794521,0.0518663797295174,0.315789473684211,0.482758620689655,0.3,0
1,1,1.01643835616438,0.0518663797295174,0.315789473684211,0.482758620689655,0.3,0
1,1,2.17260273972603,0.0518663797295174,0.315789473684211,0.482758620689655,0.3,0
1,1,0.978082191780822,0.0518663797295174,0.578947368421053,0.482758620689655,0.3,0
2,3,1.79452054794521,0.0510255775329283,0.421052631578947,0.482758620689655,0.3,0
1,1,0.926027397260274,0.0519913125081936,0.421052631578947,0.482758620689655,0.3,0
3,3,0.926027397260274,0.0519913125081936,0.421052631578947,0.482758620689655,0.3,0
1,1,0.827397260273973,0.0440942415451587,0.421052631578947,0.482758620689655,0.3,0
1,2,1.82465753424658,0.0517813924562501,0.421052631578947,0.482758620689655,0.3,0
1,3,1.97260273972603,0.0517813924562501,0.421052631578947,0.482758620689655,0.3,0
3,4,2.01643835616438,0.0517813924562501,0.421052631578947,0.482758620689655,0.3,0
1,1,2.95342465753425,0.0517813924562501,0.421052631578947,0.482758620689655,0.3,0
1,1,2.11780821917808,0.0517813924562501,0.421052631578947,0.482758620689655,0.3,0
2,3,2.05479452054795,0.0517813924562501,0.421052631578947,0.482758620689655,0.3,0
1,1,1.07397260273973,0.0517813924562501,0.473684210526316,0.482758620689655,0.3,0
1,3,1.97260273972603,0.0517813924562501,0.473684210526316,0.482758620689655,0.3,0.0945
3,4,2.03835616438356,0.0517813924562501,0.473684210526316,0.482758620689655,0.3,0.0945
1,2,0.750684931506849,0.0517813924562501,0.578947368421053,0.482758620689655,0.3,0
2,3,2.05479452054795,0.0517813924562501,0.578947368421053,0.482758620689655,0.3,0
1,4,3.96986301369863,0.0517813924562501,0.578947368421053,0.482758620689655,0.3,0.36
1,3,2.17260273972603,0.0517813924562501,0.578947368421053,0.482758620689655,0.3,0.36
3,3,3.96986301369863,0.0517813924562501,0.578947368421053,0.482758620689655,0.3,0
1,1,1.07397260273973,0.0517813924562501,0.578947368421053,0.482758620689655,0.3,0
1,3,2.8027397260274,0.0517813924562501,0.578947368421053,0.482758620689655,0.3,0
3,4,0.945205479452055,0.0517813924562501,0.421052631578947,0.482758620689655,0.3,0.063
3,3,1.22465753424658,0.0517813924562501,0.421052631578947,0.482758620689655,0.3,0.063
1,3,1.86027397260274,0.0517813924562501,0.421052631578947,0.482758620689655,0.3,0.063
1,1,3.96986301369863,0.0517813924562501,0.578947368421053,0.482758620689655,0.3,0.063
1,4,1.94246575342466,0.0517813924562501,0.578947368421053,0.482758620689655,0.3,0.063
3,4,3.44109589041096,0.0517813924562501,0.578947368421053,0.482758620689655,0.3,0.063
3,3,2.8958904109589,0.0517813924562501,0.578947368421053,0.482758620689655,0.3,0.4725
3,3,2.01643835616438,0.0517813924562501,0.578947368421053,0.482758620689655,0.3,0.4725
3,4,0.997260273972603,0.0517813924562501,0.578947368421053,0.482758620689655,0.3,0.4725
1,4,3.87671232876712,0.0517813924562501,0.5,0.482758620689655,0.3,0.4725
1,3,2.02739726027397,0.0517813924562501,0.5,0.482758620689655,0.3,0.4725
1,1,3.04657534246575,0.0517813924562501,0.5,0.482758620689655,0.3,0.315
1,4,0.945205479452055,0.0517813924562501,0.5,0.482758620689655,0.3,0.315
1,1,0.978082191780822,0.0517813924562501,0.421052631578947,0.482758620689655,0.3,0.23625
1,1,3.87671232876712,0.0517813924562501,0.421052631578947,0.482758620689655,0.3,0.23625
1,3,1.03835616438356,0.0517813924562501,0.421052631578947,0.482758620689655,0.3,0.23625
1,4,1.03835616438356,0.0517813924562501,0.421052631578947,0.482758620689655,0.3,0.23625
1,1,3.19178082191781,0.0517813924562501,0.421052631578947,0.482758620689655,0.3,0.23625
1,1,3.87671232876712,0.0517813924562501,0.421052631578947,0.482758620689655,0.3,0.23625
1,3,1.03835616438356,0.0517813924562501,0.421052631578947,0.482758620689655,0.3,0.23625
3,4,1.20821917808219,0.0517813924562501,0.421052631578947,0.482758620689655,0.3,0.315
1,3,1.86027397260274,0.0517813924562501,0.421052631578947,0.482758620689655,0.3,0
3,3,1.02739726027397,0.0517813924562501,0.421052631578947,0.482758620689655,0.3,0
1,1,2.05753424657534,0.0517813924562501,0.421052631578947,0.482758620689655,0.3,0.42
1,1,0.983561643835616,0.0517813924562501,0.421052631578947,0.482758620689655,0.3,0
1,1,0.978082191780822,0.0517813924562501,0.421052631578947,0.482758620689655,0.3,0.378
1,3,0.958904109589041,0.0517813924562501,0.342105263157895,0.482758620689655,0.3,0.343636363636364
3,3,0.86027397260274,0.0517813924562501,0.342105263157895,0.482758620689655,0.3,0.343636363636364
1,3,1.19452054794521,0.0517813924562501,0.342105263157895,0.482758620689655,0.3,0
1,3,1.81917808219178,0.0517813924562501,0.342105263157895,0.482758620689655,0.3,0
3,3,0.86027397260274,0.0517813924562501,0.342105263157895,0.482758620689655,0.3,0
3,3,1.81917808219178,0.0517813924562501,0.421052631578947,0.482758620689655,0.3,0
3,4,1.19452054794521,0.0517813924562501,0.421052631578947,0.482758620689655,0.3,0.18
3,4,1.07945205479452,0.0517813924562501,0.421052631578947,0.482758620689655,0.3,0.18
1,3,1.99452054794521,0.0517813924562501,0.342105263157895,0.482758620689655,0.3,0
1,3,2.8986301369863,0.0517813924562501,0.342105263157895,0.482758620689655,0,0
1,1,2.05753424657534,0.0517813924562501,0.447368421052632,0.482758620689655,0.3,0
1,1,1.19452054794521,0.0517813924562501,0.342105263157895,0.482758620689655,0.3,0.315
1,1,2.05753424657534,0.0427830691941857,0.578947368421053,0.482758620689655,0.3,0
2,3,1.01917808219178,0.0518473464734715,0.578947368421053,0.482758620689655,0.3,0
1,4,3.09315068493151,0.0518473464734715,0.578947368421053,0.482758620689655,0.3,0
1,1,1.01643835616438,0.0518473464734715,0.578947368421053,0.482758620689655,0.3,0
3,3,3.86301369863014,0.0518473464734715,0.447368421052632,0.482758620689655,0.3,0
1,3,0.805479452054795,0.0518473464734715,0.342105263157895,0.482758620689655,0.3,0
3,3,0.950684931506849,0.0518473464734715,0.394736842105263,0.482758620689655,0.3,0
1,3,3.04109589041096,0.0518473464734715,0.394736842105263,0.482758620689655,0.3,0.63
1,3,0.821917808219178,0.0518473464734715,0.421052631578947,0.482758620689655,0.3,0.145384615384615
1,3,1.07671232876712,0.0518473464734715,0.342105263157895,0.482758620689655,0.3,0.0189
2,4,3.10684931506849,0.0515783597934794,0.447368421052632,0.482758620689655,0.3,0.145384615384615
2,4,2.97260273972603,0.0515783597934794,0.447368421052632,0.482758620689655,0.3,0.145384615384615
2,4,1.0986301369863,0.0524881237483911,0.447368421052632,0.482758620689655,0.3,0.171818181818182
2,3,0.967123287671233,0.0524881237483911,0.578947368421053,0.482758620689655,0.3,0.378
3,3,0.156164383561644,0.0524881237483911,0.578947368421053,0.482758620689655,0.3,0.378
3,4,1.06575342465753,0.0524881237483911,0.578947368421053,0.482758620689655,0.3,0.378
1,3,2.92876712328767,0.0524881237483911,0.447368421052632,0.482758620689655,0.3,0.126
1,1,2.95616438356164,0.0524881237483911,0.447368421052632,0.482758620689655,0.3,0.126
3,4,0.156164383561644,0.0524881237483911,0.447368421052632,0.482758620689655,0.3,0.0378
1,3,2.92876712328767,0.0524881237483911,0.342105263157895,0.482758620689655,0.3,0.171818181818182
3,4,1,0.0524881237483911,0.342105263157895,0.482758620689655,0.3,0.171818181818182
1,3,2.04383561643836,0.0524881237483911,0.578947368421053,0.482758620689655,0.3,0.0189
3,3,1.14794520547945,0.0524881237483911,0.578947368421053,0.482758620689655,0.3,0.0189
1,1,1.03561643835616,0.0524881237483911,0.578947368421053,0.482758620689655,0.3,0
4,4,0.0904109589041096,0.0524881237483911,0.578947368421053,0.482758620689655,0.3,0.634228187919463
1,1,2.89041095890411,0.0524881237483911,0.578947368421053,0.482758620689655,0.3,0.189
1,3,0.849315068493151,0.0524881237483911,0.578947368421053,0.482758620689655,0.3,0.189
3,3,1.14794520547945,0.0524881237483911,0.578947368421053,0.482758620689655,0.3,0.189
2,4,3.03013698630137,0.0524881237483911,0.342105263157895,0.482758620689655,0.3,0
1,3,0.824657534246575,0.0524881237483911,0.342105263157895,0.482758620689655,0.3,0
3,3,2.03835616438356,0.0524881237483911,0.342105263157895,0.482758620689655,0.3,0
3,3,1.00821917808219,0.0524881237483911,0.342105263157895,0.482758620689655,0.3,0.21
3,4,1.14794520547945,0.0524881237483911,0.342105263157895,0.482758620689655,0.3,0
1,1,0.983561643835616,0.0524881237483911,0.342105263157895,0.482758620689655,0.3,0
1,1,1.03561643835616,0.0524881237483911,0.394736842105263,0.482758620689655,0.3,0.189
1,3,1.89315068493151,0.0524881237483911,0.394736842105263,0.482758620689655,0.3,0.189
3,3,3.03835616438356,0.0524881237483911,0.394736842105263,0.482758620689655,0.3,0.189
3,3,2.02191780821918,0.0524881237483911,0.394736842105263,0.482758620689655,0.3,0.189
3,3,2.76164383561644,0.0524881237483911,0.394736842105263,0.482758620689655,0.3,0.23625
1,3,2.76164383561644,0.0524881237483911,0.578947368421053,0.482758620689655,0.3,0
1,1,1.01643835616438,0.0524881237483911,0.578947368421053,0.482758620689655,0.3,0.23625
3,3,0.156164383561644,0.0524881237483911,0.578947368421053,0.482758620689655,0.3,0.171818181818182
3,3,0.150684931506849,0.0524881237483911,0.421052631578947,0.482758620689655,0.3,0.0378
3,4,2.89041095890411,0.0524881237483911,0.578947368421053,0.482758620689655,0.3,0.42
3,3,1.01643835616438,0.0524881237483911,0.473684210526316,0.482758620689655,0.3,0.4725
3,4,3.02191780821918,0.0524881237483911,0.578947368421053,0.482758620689655,0.3,0.0945
1,1,2.95616438356164,0.00227817801236626,0.473684210526316,0.482758620689655,0,0.0945
1,1,1.03561643835616,0.00227817801236626,0.473684210526316,0.482758620689655,0,0.0945
1,3,0.983561643835616,0.052541222207019,0.578947368421053,0.482758620689655,0.3,0
1,1,3.19178082191781,0.052541222207019,0.342105263157895,0.482758620689655,0.3,0
3,3,0.997260273972603,0.052541222207019,0.342105263157895,0.482758620689655,0.3,0.378
1,1,0.923287671232877,0.052541222207019,0.342105263157895,0.482758620689655,0.3,0.378
1,3,3.99178082191781,0.052541222207019,0.342105263157895,0.482758620689655,0.3,0.378
1,3,0.232876712328767,0.052541222207019,0.394736842105263,0.482758620689655,0.3,0.63
1,3,2.88767123287671,0.052541222207019,0.342105263157895,0.482758620689655,0.3,0.135
1,3,3.19178082191781,0.052541222207019,0.473684210526316,0.482758620689655,0.3,0.252
3,4,0.934246575342466,0.052541222207019,0.342105263157895,0.482758620689655,0.3,0.212837837837838
3,3,1.76986301369863,0.052541222207019,0.342105263157895,0.482758620689655,0.3,0
1,1,1.07671232876712,0.052541222207019,0.342105263157895,0.482758620689655,0.3,0
1,4,1.94794520547945,0.052541222207019,0.342105263157895,0.482758620689655,0.3,0
3,3,1.14794520547945,0.052541222207019,0.342105263157895,0.482758620689655,0.3,0.0378
1,1,0.934246575342466,0.052541222207019,0.342105263157895,0.482758620689655,0.3,0.0378
1,4,2.87397260273973,0.052541222207019,0.342105263157895,0.482758620689655,0.3,0
3,4,0.0931506849315069,0.052541222207019,0.342105263157895,0.482758620689655,0.3,0
1,1,1.95616438356164,0.052541222207019,0.342105263157895,0.482758620689655,0.3,0
1,1,2.01095890410959,0.052541222207019,0.342105263157895,0.482758620689655,0.3,0
1,1,0.986301369863014,0.052541222207019,0.342105263157895,0.482758620689655,0.3,0.0189
1,1,0.986301369863014,0.052541222207019,0.342105263157895,0.482758620689655,0.3,0.0189
1,3,1.85479452054795,0.052541222207019,0.447368421052632,0.482758620689655,0.3,0
1,1,0.950684931506849,0.052541222207019,0.447368421052632,0.482758620689655,0.3,0
1,1,2.02739726027397,0.052541222207019,0.447368421052632,0.482758620689655,0.3,0
1,3,0.950684931506849,0.052541222207019,0.447368421052632,0.482758620689655,0.3,0
1,1,0.950684931506849,0.052541222207019,0.447368421052632,0.482758620689655,0.3,0
1,1,3.96438356164384,0.052541222207019,0.447368421052632,0.482758620689655,0.3,0
1,4,2.03835616438356,0.052541222207019,0.447368421052632,0.482758620689655,0.3,0
1,4,1.94794520547945,0.052541222207019,0.447368421052632,0.482758620689655,0.3,0.0189
1,1,3.87671232876712,0.052541222207019,0.578947368421053,0.482758620689655,0.3,0.0189
1,4,0.997260273972603,0.052541222207019,0.578947368421053,0.482758620689655,0.3,0.23625
1,1,3.96438356164384,0.052541222207019,0.342105263157895,0.482758620689655,0.3,0.252
3,4,3.96438356164384,0.052541222207019,0.342105263157895,0.482758620689655,0.3,0.252
1,1,1.01643835616438,0.052541222207019,0.342105263157895,0.482758620689655,0.3,0.252
1,4,3.95890410958904,0.052541222207019,0.578947368421053,0.482758620689655,0.3,0.320338983050847
1,1,0.950684931506849,0.052541222207019,0.578947368421053,0.482758620689655,0.3,0.320338983050847
1,1,1.14794520547945,0.052541222207019,0.578947368421053,0.482758620689655,0.3,0
1,1,0.950684931506849,0.052541222207019,0.342105263157895,0.482758620689655,0.3,0
1,1,0.950684931506849,0.052541222207019,0.342105263157895,0.482758620689655,0.3,0
1,1,0.950684931506849,0.052541222207019,0.342105263157895,0.482758620689655,0.3,0
1,1,0.950684931506849,0.052541222207019,0.342105263157895,0.482758620689655,0.3,0
1,1,3.0958904109589,0.052541222207019,0.342105263157895,0.482758620689655,0.3,0.0378
1,1,3.04109589041096,0.052541222207019,0.342105263157895,0.482758620689655,0.3,0.0378
1,1,2.95890410958904,0.052541222207019,0.342105263157895,0.482758620689655,0.3,0.0378
3,3,0.0931506849315069,0.052541222207019,0.342105263157895,0.482758620689655,0.3,0.0378
1,1,0.950684931506849,0.052541222207019,0.342105263157895,0.482758620689655,0.3,0.0378
1,1,3.96438356164384,0.052541222207019,0.342105263157895,0.482758620689655,0.3,0.0378
1,3,0.997260273972603,0.052541222207019,0.342105263157895,0.482758620689655,0.3,0.0378
2,4,3.16438356164384,0.052541222207019,0.447368421052632,0.482758620689655,0.3,0
3,3,0.983561643835616,0.052541222207019,0.447368421052632,0.482758620689655,0.3,0.145496535796767
2,4,3.16438356164384,0.052541222207019,0.447368421052632,0.482758620689655,0.3,0.145496535796767
1,1,0.983561643835616,0.052541222207019,0.447368421052632,0.482758620689655,0.3,0.145496535796767
1,4,3.19178082191781,0.052541222207019,0.447368421052632,0.482758620689655,0.3,0.145496535796767
1,3,0.972602739726027,0.052541222207019,0.578947368421053,0.482758620689655,0.3,0
1,1,1.07397260273973,0.052541222207019,0.447368421052632,0.482758620689655,0.3,0
1,3,2.92876712328767,0.052541222207019,0.447368421052632,0.482758620689655,0.3,0
1,4,1.14794520547945,0.052541222207019,0.342105263157895,0.482758620689655,0.3,0
1,1,3.87671232876712,0.052541222207019,0.578947368421053,0.482758620689655,0.3,0
1,1,1.14794520547945,0.052541222207019,0.578947368421053,0.482758620689655,0.3,0
3,3,0.942465753424658,0.0478199135495452,0.342105263157895,0.482758620689655,0.3,0.541547277936963
3,3,0.980821917808219,0.0478199135495452,0.342105263157895,0.482758620689655,0.3,0.541547277936963
1,3,2.02739726027397,0.0478199135495452,0.447368421052632,0.482758620689655,0.3,0.581538461538462
1,1,3.19178082191781,0.0521026597596495,0.342105263157895,0.482758620689655,0.3,0
1,1,0.923287671232877,0.0521026597596495,0.342105263157895,0.482758620689655,0.3,0
1,4,1.96712328767123,0.0521026597596495,0.342105263157895,0.482758620689655,0.3,0
2,4,1.0986301369863,0.0521026597596495,0.342105263157895,0.482758620689655,0.3,0
4,4,0.16986301369863,0.0521026597596495,0.342105263157895,0.482758620689655,0.3,0
1,4,0.989041095890411,0.0521026597596495,0.342105263157895,0.482758620689655,0.3,0
3,4,1,0.0521026597596495,0.578947368421053,0.482758620689655,0.3,0.23625
1,1,2.02739726027397,0.0521026597596495,0.578947368421053,0.482758620689655,0.3,0.23625
3,4,0.895890410958904,0.0521026597596495,0.447368421052632,0.482758620689655,0.3,0
1,1,2.87123287671233,0.0521026597596495,0.447368421052632,0.482758620689655,0.3,0
1,1,3.99178082191781,0.0521026597596495,0.447368421052632,0.482758620689655,0.3,0.0945
1,3,2.04383561643836,0.0521026597596495,0.447368421052632,0.482758620689655,0.3,0.0945
3,4,1.14794520547945,0.0521026597596495,0.447368421052632,0.482758620689655,0.3,0.0945
1,1,2.02739726027397,0.0521026597596495,0.447368421052632,0.482758620689655,0.3,0.0945
1,3,2.02739726027397,0.0521026597596495,0.447368421052632,0.482758620689655,0.3,0
1,1,2.02739726027397,0.0521026597596495,0.342105263157895,0.482758620689655,0.3,0
1,1,2.88767123287671,0.0521026597596495,0.578947368421053,0.482758620689655,0.3,0.1575
1,4,1.07671232876712,0.0521026597596495,0.578947368421053,0.482758620689655,0.3,0.1575
2,4,3.03013698630137,0.0521026597596495,0.342105263157895,0.482758620689655,0.3,0
2,4,1.99452054794521,0.0521026597596495,0.447368421052632,0.482758620689655,0.3,0.63
1,3,3.02739726027397,0.0521026597596495,0.552631578947368,0.482758620689655,0.3,0
3,4,0.895890410958904,0.0521026597596495,0.552631578947368,0.482758620689655,0.3,0.4725
2,3,1.0986301369863,0.0521026597596495,0.552631578947368,0.482758620689655,0.3,0.4725
1,3,3.02739726027397,0.0521026597596495,0.342105263157895,0.482758620689655,0.3,0.145384615384615
1,4,3.96438356164384,0.0521026597596495,0.552631578947368,0.482758620689655,0.3,0.378
3,4,0.997260273972603,0.0521026597596495,0.421052631578947,0.482758620689655,0.3,0.378
3,4,1.14794520547945,0.0521026597596495,0.421052631578947,0.482758620689655,0.3,0.23625
4,4,0.0876712328767123,0.0018684020129723,0.5,0.482758620689655,0.3,0.189
5,5,0.147945205479452,0.0018684020129723,0.5,0.482758620689655,0.3,0.189
1,1,2.88493150684931,0.0520451544533858,0.368421052631579,0.482758620689655,0.3,0.27
1,3,1.07397260273973,0.0520451544533858,0.368421052631579,0.482758620689655,0.3,0.27
3,3,1.91232876712329,0.0520451544533858,0.421052631578947,0.482758620689655,0.3,0.260689655172414
1,2,0.865753424657534,0.0520451544533858,0.421052631578947,0.482758620689655,0.3,0
3,3,1.91232876712329,0.0520451544533858,0.421052631578947,0.482758620689655,0.3,0
3,3,1.90684931506849,0.0520451544533858,0.421052631578947,0.482758620689655,0.3,0
3,3,1.90684931506849,0.0520451544533858,0.421052631578947,0.482758620689655,0.3,0
1,3,2.86849315068493,0.0520451544533858,0.421052631578947,0.482758620689655,0.3,0
2,3,1.90684931506849,0.0520451544533858,0.421052631578947,0.482758620689655,0.3,0
1,2,0.871232876712329,0.0520451544533858,0.421052631578947,0.482758620689655,0.3,0
2,3,1.90684931506849,0.0520451544533858,0.421052631578947,0.482758620689655,0.3,0
2,3,1.90684931506849,0.0520451544533858,0.421052631578947,0.482758620689655,0.3,0
2,3,1.90684931506849,0.0520451544533858,0.5,0.482758620689655,0.3,0
1,2,0.873972602739726,0.0520451544533858,0.5,0.482758620689655,0.3,0.4725
1,2,0.873972602739726,0.0520451544533858,0.5,0.482758620689655,0.3,0
2,4,1.07945205479452,0.0520451544533858,0.5,0.482758620689655,0.3,0
2,3,1.9041095890411,0.0520451544533858,0.5,0.482758620689655,0.3,0.0945
1,1,1.15068493150685,0.0520451544533858,0.5,0.482758620689655,0.3,0.343636363636364
2,3,1.9041095890411,0.0520451544533858,0.5,0.482758620689655,0.3,0
2,3,1.9041095890411,0.0520451544533858,0.5,0.482758620689655,0.3,0
1,2,0.873972602739726,0.0520451544533858,0.5,0.482758620689655,0.3,0.378
2,3,1.9041095890411,0.0520451544533858,0.5,0.482758620689655,0.3,0.378
2,3,2.59178082191781,0.0520451544533858,0.5,0.482758620689655,0.3,0
3,3,1.9041095890411,0.0520451544533858,0.5,0.482758620689655,0.3,0
2,3,1.9041095890411,0.0520451544533858,0.5,0.482758620689655,0.3,0.378
1,2,0.895890410958904,0.0520451544533858,0.5,0.482758620689655,0.3,0.0378
1,3,3.03835616438356,0.0520451544533858,0.5,0.482758620689655,0.3,0.0378
3,3,1.88493150684932,0.0520451544533858,0.5,0.482758620689655,0.3,0.0378
3,3,0.956164383561644,0.0520451544533858,0.5,0.482758620689655,0.3,0.0378
1,1,3.03835616438356,0.0520451544533858,0.5,0.482758620689655,0.3,0.0378
3,3,1.88493150684932,0.0520451544533858,0.5,0.482758620689655,0.3,0.189
3,3,1.88493150684932,0.0520451544533858,0.5,0.482758620689655,0.3,0.189
1,4,1.95342465753425,0.0520451544533858,0.5,0.482758620689655,0.3,0.42
1,2,0.915068493150685,0.0520451544533858,0.5,0.482758620689655,0.3,0.063
2,3,1.86575342465753,0.0520451544533858,0.5,0.482758620689655,0.3,0.189
1,1,3.03835616438356,0.0520451544533858,0.5,0.482758620689655,0.3,0.378
2,4,1.03835616438356,0.0520451544533858,0.5,0.482758620689655,0.3,0.378
1,2,0.915068493150685,0.0520451544533858,0.5,0.482758620689655,0.3,0.378
3,3,2.06575342465753,0.0520451544533858,0.5,0.482758620689655,0.3,0
1,3,2.77808219178082,0.0520451544533858,0.5,0.482758620689655,0.3,0
2,3,1.86575342465753,0.0520451544533858,0.5,0.482758620689655,0.3,0.378
1,3,2.77808219178082,0.0520451544533858,0.5,0.482758620689655,0.3,0
3,3,0.619178082191781,0.0520451544533858,0.5,0.482758620689655,0.3,0.378
3,3,1.86575342465753,0.0520451544533858,0.5,0.482758620689655,0.3,0.378
2,3,1.86575342465753,0.0520451544533858,0.5,0.482758620689655,0.3,0.378
2,3,1.86575342465753,0.0520451544533858,0.5,0.482758620689655,0.3,0
3,3,1.84657534246575,0.0520451544533858,0.5,0.482758620689655,0.3,0
1,2,0.934246575342466,0.0520451544533858,0.5,0.482758620689655,0.3,0
2,3,1.84657534246575,0.0520451544533858,0.5,0.482758620689655,0.3,0.378
2,3,1.84657534246575,0.0520451544533858,0.5,0.482758620689655,0.3,0.378
1,1,2.15342465753425,0.0520451544533858,0.5,0.482758620689655,0.3,0.378
2,4,1.01917808219178,0.0520451544533858,0.5,0.482758620689655,0.3,0.378
2,4,1.01917808219178,0.0520451544533858,0.5,0.482758620689655,0.3,0.0378
1,2,0.934246575342466,0.0520451544533858,0.5,0.482758620689655,0.3,0.0378
3,3,0.619178082191781,0.0520451544533858,0.5,0.482758620689655,0.3,0.0378
3,3,0.479452054794521,0.0520451544533858,0.5,0.482758620689655,0.3,0.0378
1,3,2.77808219178082,0.0520451544533858,0.5,0.482758620689655,0.3,0.378
1,2,0.934246575342466,0.0520451544533858,0.447368421052632,0.482758620689655,0.3,0.0945
2,3,1.84657534246575,0.0520451544533858,0.447368421052632,0.482758620689655,0.3,0.0945
1,1,2.08493150684932,0.0520451544533858,0.447368421052632,0.482758620689655,0.3,0.0378
2,3,1.84383561643836,0.0520451544533858,0.447368421052632,0.482758620689655,0.3,0.0378
2,4,1.01643835616438,0.0520451544533858,0.447368421052632,0.482758620689655,0.3,0.378
1,2,0.936986301369863,0.0520451544533858,0.447368421052632,0.482758620689655,0.3,0.378
3,3,0.824657534246575,0.0520451544533858,0.447368421052632,0.482758620689655,0.3,0
3,4,1.01643835616438,0.0520451544533858,0.447368421052632,0.482758620689655,0.3,0.0945
1,3,2.73972602739726,0.0520451544533858,0.447368421052632,0.482758620689655,0.3,0
3,4,0.120547945205479,0.0520451544533858,0.447368421052632,0.482758620689655,0.3,0
3,3,0.920547945205479,0.0520451544533858,0.447368421052632,0.482758620689655,0.3,0.378
3,3,3.19178082191781,0.0520451544533858,0.447368421052632,0.482758620689655,0.3,0.378
1,3,2.85205479452055,0.0520451544533858,0.447368421052632,0.482758620689655,0.3,0.189
1,1,0.986301369863014,0.0520451544533858,0.447368421052632,0.482758620689655,0.3,0.189
1,4,0.986301369863014,0.0520451544533858,0.447368421052632,0.482758620689655,0.3,0
1,4,1.93972602739726,0.0520451544533858,0.447368421052632,0.482758620689655,0.3,0
1,3,1.88219178082192,0.0520451544533858,0.447368421052632,0.482758620689655,0.3,0
1,4,0.986301369863014,0.0520451544533858,0.447368421052632,0.482758620689655,0.3,0.378
3,3,0.619178082191781,0.0520451544533858,0.421052631578947,0.482758620689655,0.3,0.0945
3,4,1.46575342465753,0.0520451544533858,0.421052631578947,0.482758620689655,0.3,0.0945
2,2,1.79452054794521,0.0509885248661515,0.447368421052632,0.482758620689655,0.3,0
1,3,2.71232876712329,0.0509885248661515,0.447368421052632,0.482758620689655,0.3,0
3,3,0.378082191780822,0.00152857458134069,0.342105263157895,0.482758620689655,0.3,0
3,3,0.635616438356164,0.00152857458134069,0.342105263157895,0.482758620689655,0.3,0
2,3,0.419178082191781,0.00152857458134069,0.342105263157895,0.482758620689655,0.3,0
2,3,3.81917808219178,0.0528326892171278,0.342105263157895,0.482758620689655,0.3,0.378
1,3,3.19178082191781,0.0528326892171278,0.342105263157895,0.482758620689655,0.3,0.471321695760599
3,3,1.79178082191781,0.0528326892171278,0.342105263157895,0.482758620689655,0.3,0.321976149914821
3,3,1.79178082191781,0.0528326892171278,0.342105263157895,0.482758620689655,0.3,0.321976149914821
2,3,0.997260273972603,0.0528326892171278,0.342105263157895,0.482758620689655,0.3,0
1,3,1.79178082191781,0.0528326892171278,0.342105263157895,0.482758620689655,0.3,0.378
2,3,0.997260273972603,0.0528326892171278,0.342105263157895,0.482758620689655,0.3,0
2,3,0.997260273972603,0.0528326892171278,0.342105263157895,0.482758620689655,0.3,0.14
2,3,0.997260273972603,0.0528326892171278,0.342105263157895,0.482758620689655,0.3,0
2,3,1.06575342465753,0.0528326892171278,0.342105263157895,0.482758620689655,0.3,0.315
2,5,2.54520547945205,0.0528326892171278,0.342105263157895,0.482758620689655,0.3,0.315
1,1,2.04383561643836,0.0528326892171278,0.342105263157895,0.482758620689655,0.3,0.444705882352941
2,3,1.06575342465753,0.0528326892171278,0.342105263157895,0.482758620689655,0.3,0.06312625250501
3,5,0.353424657534247,0.00094326816308613,0.342105263157895,0.482758620689655,0.3,0
3,3,1.34794520547945,0.00094326816308613,0.342105263157895,0.482758620689655,0.3,0
2,5,2.79452054794521,0.0523438332831683,0.342105263157895,0.482758620689655,0.3,0.632107023411371
2,3,2.36712328767123,0.0523438332831683,0.342105263157895,0.482758620689655,0.3,0.0572553771584368
3,3,0.619178082191781,0.0523438332831683,0.342105263157895,0.482758620689655,0.3,0.0572553771584368
3,3,1.75068493150685,0.0523438332831683,0.5,0.482758620689655,0.3,0
1,1,2.00547945205479,0.0523438332831683,0.5,0.482758620689655,0.3,0
2,2,0.526027397260274,0.0523438332831683,0.5,0.482758620689655,0.3,0.634228187919463
2,2,0.405479452054795,0.0523438332831683,0.5,0.482758620689655,0.3,0.634228187919463
3,3,0.378082191780822,0.0523438332831683,0.5,0.482758620689655,0.3,0
3,3,0.635616438356164,0.0523438332831683,0.5,0.482758620689655,0.3,0
3,3,0.378082191780822,0.0523438332831683,0.5,0.482758620689655,0.3,0
3,3,0.991780821917808,0.0523438332831683,0.342105263157895,0.482758620689655,0.3,0.0473328324567994
3,3,0.764383561643836,0.0523438332831683,0.342105263157895,0.482758620689655,0.3,0.0473328324567994
1,3,1.75616438356164,0.0523438332831683,0.342105263157895,0.482758620689655,0.3,0.0473328324567994
1,3,1.75616438356164,0.0523438332831683,0.421052631578947,0.482758620689655,0.3,0.018511263467189
2,5,2.52602739726027,0.0523438332831683,0.421052631578947,0.482758620689655,0.3,0.423766816143498
1,4,3.96164383561644,0.0523438332831683,0.421052631578947,0.482758620689655,0.3,0.619672131147541
3,3,0.764383561643836,0.0523438332831683,0.421052631578947,0.482758620689655,0.3,0
1,3,3.96164383561644,0.0523438332831683,0.421052631578947,0.482758620689655,0.3,0
1,4,2.00547945205479,0.0523438332831683,0.421052631578947,0.482758620689655,0.3,0.605769230769231
2,3,2.43013698630137,0.0523438332831683,0.421052631578947,0.482758620689655,0.3,0.170886075949367
3,3,0.194520547945205,0.0523438332831683,0.421052631578947,0.482758620689655,0.3,0.170886075949367
1,3,3.71780821917808,0.0523438332831683,0.421052631578947,0.482758620689655,0.3,0.170886075949367
3,3,0.917808219178082,0.0523438332831683,0.421052631578947,0.482758620689655,0.3,0.170886075949367
1,4,3.96438356164384,0.0523438332831683,0.421052631578947,0.482758620689655,0.3,0
1,3,1.76438356164384,0.0523438332831683,0.342105263157895,0.482758620689655,0.3,0.387295081967213
1,4,1.03561643835616,0.0523438332831683,0.421052631578947,0.482758620689655,0.3,0.477272727272727
1,3,1.73698630136986,0.0441053059770291,0.421052631578947,0.655172413793103,0.3,0
2,3,0.156164383561644,0.0441053059770291,0.421052631578947,0.655172413793103,0.3,0
3,3,1.77534246575342,0.0524874681284207,0.368421052631579,0.482758620689655,0.3,0
1,1,2.81917808219178,0.0524874681284207,0.368421052631579,0.482758620689655,0.3,0.42
1,3,2.12054794520548,0.0524874681284207,0.342105263157895,0.482758620689655,0.3,0.08203125
3,3,0.780821917808219,0.0524874681284207,0.342105263157895,0.482758620689655,0.3,0.0823888404533566
1,1,1.03561643835616,0.0524874681284207,0.342105263157895,0.482758620689655,0.3,0.0823888404533566
3,3,0.991780821917808,0.0524874681284207,0.342105263157895,0.482758620689655,0.3,0
3,3,0.780821917808219,0.0524874681284207,0.342105263157895,0.482758620689655,0.3,0
2,3,0.901369863013699,0.0524874681284207,0.342105263157895,0.482758620689655,0.3,0
1,3,1.93972602739726,0.0524874681284207,0.342105263157895,0.482758620689655,0.3,0
3,4,2.06027397260274,0.0524874681284207,0.342105263157895,0.482758620689655,0.3,0
1,3,1.77534246575342,0.0524874681284207,0.342105263157895,0.482758620689655,0.3,0.275912408759124
1,4,2.82191780821918,0.0524874681284207,0.447368421052632,0.482758620689655,0.3,0.376494023904382
1,3,1.93972602739726,0.0524874681284207,0.447368421052632,0.482758620689655,0.3,0.376494023904382
3,4,3.05479452054795,0.0524874681284207,0.447368421052632,0.482758620689655,0.3,0.376494023904382
3,4,0.898630136986301,0.0524874681284207,0.447368421052632,0.482758620689655,0.3,0.300955414012739
3,3,2.06027397260274,0.0524874681284207,0.447368421052632,0.482758620689655,0.3,0
3,3,0.991780821917808,0.0524874681284207,0.447368421052632,0.482758620689655,0.3,0
3,3,0.780821917808219,0.0524874681284207,0.447368421052632,0.482758620689655,0.3,0
3,3,0.405479452054795,0.0524874681284207,0.421052631578947,0.482758620689655,0.3,0.0907345175228036
3,3,2.56438356164384,0.0524874681284207,0.421052631578947,0.482758620689655,0.3,0.0907345175228036
3,4,0.991780821917808,0.0524874681284207,0.421052631578947,0.482758620689655,0.3,0.0907345175228036
2,5,2.59452054794521,0.0524874681284207,0.157894736842105,0.482758620689655,0.3,0.392931392931393
4,5,0.454794520547945,0.0524874681284207,0.157894736842105,0.482758620689655,0.3,0.0219232107644125
3,3,2.86027397260274,0.0524874681284207,0.157894736842105,0.482758620689655,0.3,0.277941176470588
1,3,3.19178082191781,0.0524874681284207,0.157894736842105,0.482758620689655,0.3,0.277941176470588
3,4,0.476712328767123,0.0389190951709034,0.421052631578947,0.482758620689655,0.3,0
1,1,2.82191780821918,0.0389190951709034,0.157894736842105,0.482758620689655,0.3,0.4725
1,4,2.17808219178082,0.0389190951709034,0.157894736842105,0.482758620689655,0.3,0.4725
2,3,1.03835616438356,0.0516677674323199,0.157894736842105,0.482758620689655,0.3,0.378
2,3,1.02465753424658,0.0516677674323199,0.157894736842105,0.482758620689655,0.3,0.378
2,4,2.97260273972603,0.0516677674323199,0.157894736842105,0.482758620689655,0.3,0.378
2,4,1.09315068493151,0.0516677674323199,0.157894736842105,0.482758620689655,0.3,0.378
3,3,0.904109589041096,0.0516677674323199,0.157894736842105,0.482758620689655,0.3,0.378
4,4,0.0876712328767123,0.0516677674323199,0.157894736842105,0.482758620689655,0.3,0.378
5,5,0.726027397260274,0.0516677674323199,0.157894736842105,0.482758620689655,0.3,0.378
3,3,1.91780821917808,0.0516677674323199,0.157894736842105,0.482758620689655,0.3,0.444705882352941
2,3,1.02465753424658,0.0516677674323199,0.157894736842105,0.482758620689655,0.3,0
3,3,1.91780821917808,0.0516677674323199,0.157894736842105,0.482758620689655,0.3,0.145384615384615
1,5,3.19178082191781,0.0516677674323199,0.157894736842105,0.482758620689655,0.3,0.145384615384615
3,5,0.367123287671233,0.0516677674323199,0.157894736842105,0.482758620689655,0.3,0
3,3,0.997260273972603,0.0516677674323199,0.157894736842105,0.482758620689655,0.3,0
3,3,1.91780821917808,0.0516677674323199,0.421052631578947,0.482758620689655,0.3,0.343636363636364
2,3,1.02465753424658,0.0516677674323199,0.421052631578947,0.482758620689655,0.3,0.054
1,2,3.84931506849315,0.0516677674323199,0.421052631578947,0.482758620689655,0.3,0
1,4,3.96986301369863,0.0516677674323199,0.421052631578947,0.482758620689655,0.3,0.4725
3,3,0.665753424657534,0.0516677674323199,0.421052631578947,0.482758620689655,0.3,0.4725
1,3,3.18904109589041,0.0516677674323199,0.157894736842105,0.482758620689655,0.3,0.4725
3,3,0.923287671232877,0.0516677674323199,0.157894736842105,0.482758620689655,0.3,0.4725
2,3,1.02465753424658,0.0516677674323199,0.157894736842105,0.482758620689655,0.3,0
3,4,2.86301369863014,0.0516677674323199,0.157894736842105,0.482758620689655,0.3,0
1,3,3.96986301369863,0.0516677674323199,0.157894736842105,0.482758620689655,0.3,0
1,3,0.90958904109589,0.0516677674323199,0.342105263157895,0.482758620689655,0.3,0.48586118251928
1,3,0.90958904109589,0.0516677674323199,0.421052631578947,0.482758620689655,0.3,0.0945
3,3,0.665753424657534,0.0516677674323199,0.421052631578947,0.482758620689655,0.3,0.0945
3,3,3.31232876712329,0.0516677674323199,0.421052631578947,0.482758620689655,0.3,0.0945
1,1,3.15342465753425,0.0516677674323199,0.421052631578947,0.482758620689655,0.3,0.0945
2,3,1.00821917808219,0.0516677674323199,0.421052631578947,0.482758620689655,0.3,0.171662125340599
1,3,0.90958904109589,0.0516677674323199,0.447368421052632,0.482758620689655,0.3,0.0945
3,3,0.665753424657534,0.0516677674323199,0.447368421052632,0.482758620689655,0.3,0.0945
1,5,1.07123287671233,0.0516677674323199,0.447368421052632,0.482758620689655,0.3,0.0994213571804314
3,3,3.96712328767123,0.0516677674323199,0.578947368421053,0.482758620689655,0.3,0
2,2,1.06849315068493,0.0516677674323199,0.578947368421053,0.482758620689655,0.3,0
2,5,1.44383561643836,0.0516677674323199,0.578947368421053,0.482758620689655,0.3,0
1,5,1.07123287671233,0.0516677674323199,0.421052631578947,0.482758620689655,0.3,0
2,4,2.60547945205479,0.0516677674323199,0.421052631578947,0.482758620689655,0.3,0
1,2,3.51780821917808,0.0516677674323199,0.421052631578947,0.482758620689655,0.3,0
1,2,3.6958904109589,0.0516677674323199,0.421052631578947,0.482758620689655,0.3,0
3,3,3.18904109589041,0.0516677674323199,0.447368421052632,0.482758620689655,0.3,0
3,4,2.06027397260274,0.0516677674323199,0.447368421052632,0.482758620689655,0.3,0
3,3,0.326027397260274,0.0516677674323199,0.447368421052632,0.482758620689655,0.3,0
3,3,2.53972602739726,0.0516677674323199,0.447368421052632,0.482758620689655,0.3,0
2,3,1.00821917808219,0.0516677674323199,0.447368421052632,0.482758620689655,0.3,0
3,4,3.06027397260274,0.0516677674323199,0.447368421052632,0.482758620689655,0.3,0
1,4,0.972602739726027,0.0516677674323199,0.447368421052632,0.482758620689655,0.3,0
1,3,0.194520547945205,0.0516677674323199,0.447368421052632,0.482758620689655,0.3,0
1,1,1.1972602739726,0.0516677674323199,0.447368421052632,0.482758620689655,0.3,0
1,1,0.972602739726027,0.0516677674323199,0.447368421052632,0.482758620689655,0.3,0
1,3,1.8958904109589,0.0516677674323199,0.447368421052632,0.482758620689655,0.3,0.4725
1,1,1.03287671232877,0.0516677674323199,0.447368421052632,0.482758620689655,0.3,0.126
1,1,3.95342465753425,0.0516677674323199,0.447368421052632,0.482758620689655,0.3,0.4725
1,3,1.96986301369863,0.0516677674323199,0.447368421052632,0.482758620689655,0.3,0.4725
1,3,1.93972602739726,0.0516677674323199,0.421052631578947,0.482758620689655,0.3,0
3,3,1.01369863013699,0.0516677674323199,0.421052631578947,0.482758620689655,0.3,0
3,3,0.665753424657534,0.0516677674323199,0.421052631578947,0.482758620689655,0.3,0
3,3,1.91780821917808,0.0516677674323199,0.421052631578947,0.482758620689655,0.3,0
1,1,0.821917808219178,0.0516677674323199,0.421052631578947,0.482758620689655,0.3,0
1,4,1.57534246575342,0.0516677674323199,0.552631578947368,0.482758620689655,0.3,0
2,3,1.00821917808219,0.0516677674323199,0.552631578947368,0.482758620689655,0.3,0.378
3,3,3.13972602739726,0.0516677674323199,0.552631578947368,0.482758620689655,0.3,0.189
1,3,2.83287671232877,0.0516677674323199,0.552631578947368,0.482758620689655,0.3,0.189
3,3,0.367123287671233,0.0516677674323199,0.552631578947368,0.482758620689655,0.3,0.189
3,4,2.60547945205479,0.0516677674323199,0.552631578947368,0.482758620689655,0.3,0.189
3,4,0.972602739726027,0.0516677674323199,0.447368421052632,0.482758620689655,0.3,0.0726923076923077
2,3,1.00821917808219,0.0516677674323199,0.447368421052632,0.482758620689655,0.3,0.198947368421053
2,3,1.00821917808219,0.0516677674323199,0.578947368421053,0.482758620689655,0.3,0.198947368421053
1,1,1.18356164383562,0.0516677674323199,0.578947368421053,0.482758620689655,0.3,0.378
3,3,1.93972602739726,0.0516677674323199,0.578947368421053,0.482758620689655,0.3,0.378
3,4,3.06027397260274,0.0516677674323199,0.578947368421053,0.482758620689655,0.3,0.378
1,3,2.10684931506849,0.0516677674323199,0.578947368421053,0.482758620689655,0.3,0.378
3,3,0.997260273972603,0.0516677674323199,0.578947368421053,0.482758620689655,0.3,0.378
3,3,0.920547945205479,0.0516677674323199,0.578947368421053,0.482758620689655,0.3,0.378
1,4,1.74246575342466,0.0516677674323199,0.578947368421053,0.482758620689655,0.3,0.378
1,3,3.95342465753425,0.0516677674323199,0.578947368421053,0.482758620689655,0.75,0
1,1,0.986301369863014,0.0516677674323199,0.578947368421053,0.482758620689655,0.75,0
1,1,1.18356164383562,0.0516677674323199,0.578947368421053,0.482758620689655,0.75,0
1,3,1.57534246575342,0.0516677674323199,0.578947368421053,0.482758620689655,0.75,0
1,1,1.95616438356164,0.0516677674323199,0.578947368421053,0.482758620689655,0.75,0
1,1,1.81095890410959,0.0516677674323199,0.578947368421053,0.482758620689655,0.75,0
1,1,1.18356164383562,0.0516677674323199,0.578947368421053,0.482758620689655,0.75,0
3,3,0.986301369863014,0.0516677674323199,0.578947368421053,0.482758620689655,0.75,0
1,3,1.81095890410959,0.0516677674323199,0.578947368421053,0.482758620689655,0.75,0
2,3,0.994520547945206,0.0516677674323199,0.578947368421053,0.482758620689655,0.75,0.0756
1,1,2.10684931506849,0.0516677674323199,0.421052631578947,0.482758620689655,0.75,0
3,3,1.01369863013699,0.0516677674323199,0.421052631578947,0.482758620689655,0.75,0
3,3,2.04383561643836,0.0516677674323199,0.421052631578947,0.482758620689655,0.75,0
3,3,0.920547945205479,0.0516677674323199,0.421052631578947,0.482758620689655,0.75,0
2,3,0.994520547945206,0.0516677674323199,0.421052631578947,0.482758620689655,0.75,0
1,3,2.86301369863014,0.0516677674323199,0.421052631578947,0.482758620689655,0.75,0
3,3,0.345205479452055,0.0516677674323199,0.421052631578947,0.482758620689655,0.75,0
1,1,0.90958904109589,0.0516677674323199,0.421052631578947,0.482758620689655,0.75,0
1,4,1.09041095890411,0.0516677674323199,0.421052631578947,0.482758620689655,0.75,0
3,3,0.668493150684932,0.0516677674323199,0.421052631578947,0.482758620689655,0.75,0
1,4,3.95342465753425,0.0516677674323199,0.421052631578947,0.482758620689655,0.75,0
2,3,1.76438356164384,0.0516677674323199,0.421052631578947,0.482758620689655,0.75,0
1,4,2.06027397260274,0.0516677674323199,0.421052631578947,0.482758620689655,0.75,0
1,3,2.8,0.0516677674323199,0.421052631578947,0.482758620689655,0.75,0
1,1,2.10684931506849,0.0516677674323199,0.421052631578947,0.482758620689655,0.75,0
1,1,0.986301369863014,0.0516677674323199,0.421052631578947,0.482758620689655,0.75,0
1,1,1.83561643835616,0.0516677674323199,0.421052631578947,0.482758620689655,0.75,0
1,1,3.09315068493151,0.0516677674323199,0.421052631578947,0.482758620689655,0.75,0
1,1,1.81095890410959,0.0516677674323199,0.421052631578947,0.482758620689655,0.75,0.171818181818182
1,3,2.10684931506849,0.0516677674323199,0.421052631578947,0.482758620689655,0.75,0.171818181818182
1,3,2.82191780821918,0.0516677674323199,0.421052631578947,0.482758620689655,0.75,0.171818181818182
1,3,1.9041095890411,0.0516677674323199,0.421052631578947,0.482758620689655,0.75,0
1,1,0.821917808219178,0.0516677674323199,0.421052631578947,0.482758620689655,0.75,0
3,3,1.9041095890411,0.0516677674323199,0.447368421052632,0.482758620689655,0.75,0
1,3,0.90958904109589,0.0516677674323199,0.447368421052632,0.482758620689655,0.75,0
3,3,0.668493150684932,0.0516677674323199,0.447368421052632,0.482758620689655,0.75,0
3,3,0.668493150684932,0.0516677674323199,0.447368421052632,0.482758620689655,0.75,0.315
2,3,0.934246575342466,0.0512863453069006,0.473684210526316,0.206896551724138,0.3,0
3,3,0.668493150684932,0.0515007195192611,0.421052631578947,0.482758620689655,0.3,0
3,3,0.898630136986301,0.0515007195192611,0.421052631578947,0.482758620689655,0.3,0
1,3,1.01369863013699,0.0515007195192611,0.421052631578947,0.482758620689655,0.3,0.054
1,1,0.898630136986301,0.0515007195192611,0.421052631578947,0.482758620689655,0.3,0.054
3,3,0.356164383561644,0.0515007195192611,0.421052631578947,0.482758620689655,0.3,0
1,3,0.898630136986301,0.0515007195192611,0.342105263157895,0.482758620689655,0.3,0
3,3,2.06027397260274,0.0515007195192611,0.342105263157895,0.482758620689655,0.3,0
3,4,2.06027397260274,0.0515007195192611,0.342105263157895,0.482758620689655,0.3,0
3,3,2.95890410958904,0.0515007195192611,0.342105263157895,0.482758620689655,0.3,0
1,1,2.10684931506849,0.0515007195192611,0.342105263157895,0.482758620689655,0.3,0
1,3,2.95616438356164,0.0515007195192611,0.342105263157895,0.482758620689655,0.3,0
3,3,0.668493150684932,0.0515007195192611,0.342105263157895,0.482758620689655,0.3,0
1,4,2.86027397260274,0.0515007195192611,0.342105263157895,0.482758620689655,0.3,0
1,1,1.80821917808219,0.0515007195192611,0.342105263157895,0.482758620689655,0.3,0
3,3,0.898630136986301,0.0515007195192611,0.342105263157895,0.482758620689655,0.3,0
1,3,0.898630136986301,0.0515007195192611,0.315789473684211,0.482758620689655,0.3,0
3,3,0.405479452054795,0.0515007195192611,0.315789473684211,0.482758620689655,0.3,0
3,4,1.16164383561644,0.0515007195192611,0.315789473684211,0.482758620689655,0.3,0
1,1,2.99452054794521,0.0515007195192611,0.315789473684211,0.482758620689655,0.3,0.158823529411765
1,2,2.02191780821918,0.0515007195192611,0.315789473684211,0.482758620689655,0.3,0.158823529411765
2,2,0.345205479452055,0.0515007195192611,0.315789473684211,0.482758620689655,0.3,0.158823529411765
2,3,2.76712328767123,0.0515007195192611,0.315789473684211,0.482758620689655,0.3,0.158823529411765
3,3,0.668493150684932,0.0515007195192611,0.394736842105263,0.482758620689655,0.3,0.4725
3,3,0.986301369863014,0.0515007195192611,0.342105263157895,0.482758620689655,0.3,0.487113402061856
3,3,0.668493150684932,0.0515007195192611,0.342105263157895,0.482758620689655,0.3,0.0415750109986802
2,4,2.32602739726027,0.0515007195192611,0.342105263157895,0.655172413793103,0.75,0
1,3,3.95068493150685,0.0515007195192611,0.342105263157895,0.482758620689655,0.3,0
1,1,2.99452054794521,0.0515007195192611,0.342105263157895,0.482758620689655,0.3,0
3,3,0.665753424657534,0.0515007195192611,0.342105263157895,0.482758620689655,0.3,0
3,3,0.665753424657534,0.0515007195192611,0.342105263157895,0.482758620689655,0.3,0.54
3,3,0.665753424657534,0.0515007195192611,0.342105263157895,0.482758620689655,0.3,0.54
3,4,0.345205479452055,0.0515007195192611,0.342105263157895,0.482758620689655,0.3,0.54
4,4,0.145205479452055,0.0515007195192611,0.342105263157895,0.482758620689655,0.3,0.54
1,3,3.95068493150685,0.0515007195192611,0.342105263157895,0.482758620689655,0.3,0.27
3,4,0.904109589041096,0.0515007195192611,0.342105263157895,0.482758620689655,0.3,0.27
1,3,3.95068493150685,0.0515007195192611,0.342105263157895,0.482758620689655,0.3,0.27
3,4,0.0986301369863014,0.0515007195192611,0.342105263157895,0.482758620689655,0.3,0.27
3,4,0.449315068493151,0.0515007195192611,0.473684210526316,0.482758620689655,0.3,0.460975609756098
2,3,0.389041095890411,0.0515007195192611,0.473684210526316,0.482758620689655,0.3,0.460975609756098
1,1,3.91506849315068,0.0515007195192611,0.473684210526316,0.482758620689655,0.3,0.54
3,4,0.0986301369863014,0.0515007195192611,0.473684210526316,0.482758620689655,0.3,0.54
3,3,2.99452054794521,0.0515007195192611,0.473684210526316,0.482758620689655,0.3,0
4,4,0.389041095890411,0.0515007195192611,0.473684210526316,0.482758620689655,0.3,0.4725
1,3,2.99452054794521,0.0515007195192611,0.473684210526316,0.482758620689655,0.3,0.4725
3,4,2.17260273972603,0.0515007195192611,0.473684210526316,0.482758620689655,0.3,0.4725
1,1,2.99452054794521,0.0515007195192611,0.473684210526316,0.482758620689655,0.3,0.315
3,3,0.356164383561644,0.0515007195192611,0.473684210526316,0.482758620689655,0.3,0.315
3,3,3.5013698630137,0.0515007195192611,0.473684210526316,0.482758620689655,0.3,0.315
3,3,0.0986301369863014,0.0515007195192611,0.473684210526316,0.482758620689655,0.3,0.315
3,4,0.983561643835616,0.0515007195192611,0.473684210526316,0.482758620689655,0.3,0.4725
3,4,1.02465753424658,0.0515007195192611,0.473684210526316,0.482758620689655,0.3,0.4725
3,3,0.983561643835616,0.0515007195192611,0.473684210526316,0.482758620689655,0.3,0.4725
3,3,1.01095890410959,0.0515007195192611,0.473684210526316,0.482758620689655,0.3,0.479695431472081
3,3,0.665753424657534,0.0515007195192611,0.473684210526316,0.482758620689655,0.3,0.479695431472081
3,3,0.665753424657534,0.0515007195192611,0.447368421052632,0.482758620689655,0.3,0.378
2,4,2.17260273972603,0.0515007195192611,0.447368421052632,0.482758620689655,0.3,0.378
1,1,2.99452054794521,0.0515007195192611,0.447368421052632,0.482758620689655,0.3,0.378
1,4,2.86301369863014,0.0515007195192611,0.447368421052632,0.482758620689655,0.3,0.378
1,3,2.86301369863014,0.0515007195192611,0.447368421052632,0.482758620689655,0.3,0.378
1,3,3.15342465753425,0.0515007195192611,0.447368421052632,0.482758620689655,0.3,0.378
3,3,0.356164383561644,0.0515007195192611,0.447368421052632,0.482758620689655,0.3,0.378
2,2,2.89315068493151,0.0452106947649435,0.447368421052632,0.482758620689655,0.3,0
4,4,0.8,0.0452106947649435,0.447368421052632,0.482758620689655,0.3,0
2,4,0.898630136986301,0.0452106947649435,0.447368421052632,0.482758620689655,0.3,0
2,4,0.898630136986301,0.0452106947649435,0.447368421052632,0.482758620689655,0.3,0
4,4,0.156164383561644,0.0452106947649435,0.447368421052632,0.482758620689655,0.3,0
2,2,2.81643835616438,0.0452106947649435,0.447368421052632,0.482758620689655,0.3,0
2,2,1.09315068493151,0.0452106947649435,0.447368421052632,0.482758620689655,0.3,0
2,3,0.424657534246575,0.0452106947649435,0.447368421052632,0.482758620689655,0.3,0
3,4,0.254794520547945,0.0452106947649435,0.447368421052632,0.482758620689655,0.3,0
4,4,0.147945205479452,0.0452106947649435,0.447368421052632,0.482758620689655,0.3,0
4,4,0.156164383561644,0.0452106947649435,0.447368421052632,0.482758620689655,0.3,0
4,4,0.523287671232877,0.0452106947649435,0.447368421052632,0.482758620689655,0.3,0
2,4,3.53150684931507,0.0452106947649435,0.447368421052632,0.482758620689655,0.3,0
2,4,3.53150684931507,0.0452106947649435,0.447368421052632,0.482758620689655,0.3,0
2,2,3.08219178082192,0.0452106947649435,0.447368421052632,0.482758620689655,0.3,0
2,3,3.90958904109589,0.0452106947649435,0.447368421052632,0.482758620689655,0.3,0
3,4,0.158904109589041,0.0452106947649435,0.447368421052632,0.482758620689655,0.3,0
2,2,2.81643835616438,0.0452106947649435,0.447368421052632,0.482758620689655,0.3,0
2,3,1.52054794520548,0.0452106947649435,0.447368421052632,0.482758620689655,0.3,0
4,4,0.427397260273973,0.0452106947649435,0.447368421052632,0.482758620689655,0.3,0
4,4,0.252054794520548,0.0452106947649435,0.447368421052632,0.482758620689655,0.3,0
4,4,0.153424657534247,0.0452106947649435,0.447368421052632,0.482758620689655,0.3,0
3,3,1.01095890410959,0.0452106947649435,0.447368421052632,0.482758620689655,0.3,0
3,4,0.904109589041096,0.0452106947649435,0.447368421052632,0.482758620689655,0.3,0
1,3,2.96712328767123,0.0513447292791038,0.421052631578947,0.482758620689655,0.3,0
3,4,0.210958904109589,0.0513447292791038,0.421052631578947,0.482758620689655,0.3,0
1,5,2.31506849315068,0.0513447292791038,0.421052631578947,0.482758620689655,0.3,0
1,3,1.02191780821918,0.0513447292791038,0.421052631578947,0.482758620689655,0.3,0.239847715736041
3,3,3.06849315068493,0.0513447292791038,0.421052631578947,0.482758620689655,0.3,0.239847715736041
3,4,3.04657534246575,0.0513447292791038,0.447368421052632,0.482758620689655,0.3,0.541547277936963
3,3,3.06849315068493,0.0513447292791038,0.447368421052632,0.482758620689655,0.3,0.541547277936963
1,3,0.90958904109589,0.0513447292791038,0.447368421052632,0.482758620689655,0.3,0.460975609756098
1,3,2.79452054794521,0.0513447292791038,0.394736842105263,0.482758620689655,0.3,0.11587982832618
3,3,3.83013698630137,0.0513447292791038,0.447368421052632,0.482758620689655,0.3,0
3,3,0.920547945205479,0.0513447292791038,0.447368421052632,0.482758620689655,0.3,0
1,5,3.14520547945205,0.0513447292791038,0.447368421052632,0.482758620689655,0.3,0
3,4,0.134246575342466,0.0513447292791038,0.447368421052632,0.482758620689655,0.3,0.460975609756098
1,5,1.18904109589041,0.0513447292791038,0.447368421052632,0.482758620689655,0.3,0.460975609756098
3,3,0.189041095890411,0.0513447292791038,0.447368421052632,0.482758620689655,0.3,0.460975609756098
1,3,2.80547945205479,0.0513447292791038,0.421052631578947,0.482758620689655,0.3,0
1,3,2.96712328767123,0.0513447292791038,0.421052631578947,0.482758620689655,0.3,0
1,3,0.997260273972603,0.0513447292791038,0.421052631578947,0.482758620689655,0.3,0
3,3,2,0.0513447292791038,0.421052631578947,0.482758620689655,0.3,0.207920792079208
1,1,0.90958904109589,0.0513447292791038,0.421052631578947,0.482758620689655,0.3,0.0756
1,1,3.14520547945205,0.0513447292791038,0.421052631578947,0.482758620689655,0.3,0.0756
1,3,0.728767123287671,0.0513447292791038,0.421052631578947,0.482758620689655,0.3,0.0756
1,3,0.997260273972603,0.0513447292791038,0.421052631578947,0.482758620689655,0.3,0
1,3,3.39178082191781,0.0513447292791038,0.421052631578947,0.482758620689655,0.3,0
1,3,1.08493150684932,0.0513447292791038,0.421052631578947,0.482758620689655,0.3,0
1,1,1.95616438356164,0.0513447292791038,0.421052631578947,0.482758620689655,0.3,0
1,3,0.90958904109589,0.0513447292791038,0.421052631578947,0.482758620689655,0.3,0
3,3,1.82191780821918,0.0513447292791038,0.421052631578947,0.482758620689655,0.3,0
3,4,0.172602739726027,0.0513447292791038,0.421052631578947,0.482758620689655,0.3,0
1,1,1.18904109589041,0.0513447292791038,0.421052631578947,0.482758620689655,0.3,0.368421052631579
1,4,2.86301369863014,0.0513447292791038,0.421052631578947,0.482758620689655,0.3,0.368421052631579
1,3,0.978082191780822,0.0513447292791038,0.421052631578947,0.482758620689655,0.3,0.368421052631579
1,3,0.90958904109589,0.0513447292791038,0.421052631578947,0.482758620689655,0.3,0.0627490039840637
1,1,2.06027397260274,0.0513447292791038,0.421052631578947,0.482758620689655,0.3,0.0627490039840637
3,3,1.01095890410959,0.0513447292791038,0.421052631578947,0.482758620689655,0.3,0
3,3,1.06027397260274,0.0513447292791038,0.421052631578947,0.482758620689655,0.3,0
1,1,0.920547945205479,0.0513447292791038,0.421052631578947,0.482758620689655,0.3,0.378
2,3,0.904109589041096,0.0513447292791038,0.421052631578947,0.482758620689655,0.3,0.378
3,3,1.01095890410959,0.0513447292791038,0.421052631578947,0.482758620689655,0.3,0
3,3,1.08493150684932,0.0513447292791038,0.421052631578947,0.482758620689655,0.3,0
1,3,3.06027397260274,0.0513447292791038,0.421052631578947,0.482758620689655,0.3,0
3,5,0.298630136986301,0.0513447292791038,0.421052631578947,0.482758620689655,0.3,0
3,3,1.61643835616438,0.0513447292791038,0.421052631578947,0.482758620689655,0.3,0.378
3,3,2,0.0513447292791038,0.421052631578947,0.482758620689655,0.3,0
3,4,1.07397260273973,0.0513447292791038,0.421052631578947,0.482758620689655,0.3,0
1,1,3.14520547945205,0.0513447292791038,0.447368421052632,0.482758620689655,0.3,0.408207343412527
3,3,2.01095890410959,0.0262431426544433,0.289473684210526,0.482758620689655,0.3,0.63
3,3,0.597260273972603,0.0262431426544433,0.315789473684211,0.655172413793103,0.6,0.536931818181818
1,3,1.03287671232877,0.0262431426544433,0.394736842105263,0.655172413793103,0.6,0
3,3,1.16986301369863,0.263593002639702,0.315789473684211,0.655172413793103,0.6,0.397894736842105
1,4,2.82739726027397,0.263593002639702,0.315789473684211,0.655172413793103,0.6,0
5,5,0.112328767123288,0.263593002639702,0.315789473684211,0.655172413793103,0.6,0.4725
1,5,0.619178082191781,0.263593002639702,0.315789473684211,0.655172413793103,0.6,0.4725
3,4,0.90958904109589,0.263593002639702,0.315789473684211,0.655172413793103,0.6,0.290769230769231
3,3,2.97534246575342,0.263593002639702,0.342105263157895,0.655172413793103,0.6,0
3,4,1.11232876712329,0.263593002639702,0.342105263157895,0.655172413793103,0.6,0.397894736842105
1,3,0.994520547945206,0.263593002639702,0.394736842105263,0.655172413793103,0.6,0
1,4,0.991780821917808,0.263593002639702,0.394736842105263,0.655172413793103,0.6,0.0315
1,4,1.01643835616438,0.263593002639702,0.342105263157895,0.655172413793103,0.6,0
2,2,1.91506849315068,0.254357736968566,0.394736842105263,0.655172413793103,0.3,0
2,4,3.09041095890411,0.254357736968566,0.394736842105263,0.655172413793103,0.3,0
3,5,0.101369863013699,0.254357736968566,0.394736842105263,0.655172413793103,0.75,0
5,5,0.0986301369863014,0.254357736968566,0.394736842105263,0.655172413793103,0.75,0
5,5,0.410958904109589,0.254357736968566,0.394736842105263,0.655172413793103,0.75,0
3,5,0.33972602739726,0.254357736968566,0.394736842105263,0.655172413793103,0.75,0
3,4,1.76438356164384,0.263590974949072,0.394736842105263,0.655172413793103,0.6,0.0189
3,3,1.87397260273973,0.263590974949072,0.394736842105263,0.655172413793103,0.6,0.0189
1,1,2,0.263590974949072,0.394736842105263,0.655172413793103,0.6,0.0189
1,4,1.19178082191781,0.263590974949072,0.394736842105263,0.655172413793103,0.6,0
1,4,0.657534246575342,0.263590974949072,0.394736842105263,0.655172413793103,0.6,0.378
1,4,1.67671232876712,0.263590974949072,0.394736842105263,0.655172413793103,0.6,0.0378
1,4,3.16438356164384,0.263590974949072,0.394736842105263,0.655172413793103,0.6,0.0378
1,1,1.67671232876712,0.263590974949072,0.394736842105263,0.655172413793103,0.6,0.0378
1,3,2.97808219178082,0.263590974949072,0.447368421052632,0.655172413793103,0.6,0.378
3,3,1.87945205479452,0.263590974949072,0.447368421052632,0.655172413793103,0.6,0
3,3,3.18630136986301,0.263590974949072,0.447368421052632,0.655172413793103,0.6,0
1,3,1.01643835616438,0.263590974949072,0.447368421052632,0.655172413793103,0.6,0
3,5,3.34246575342466,0.263590974949072,0.394736842105263,0.655172413793103,0.6,0.378
3,3,0.252054794520548,0.043187167659816,0.394736842105263,0.482758620689655,0.3,0
3,3,0.380821917808219,0.043187167659816,0.394736842105263,0.482758620689655,0.3,0
3,3,0.358904109589041,0.043187167659816,0.394736842105263,0.482758620689655,0.3,0
3,3,0.380821917808219,0.043187167659816,0.394736842105263,0.482758620689655,0.3,0.228813559322034
3,5,0.747945205479452,0.0428949571631429,0.421052631578947,0.482758620689655,0.3,0.24934036939314
1,5,2.26027397260274,0.0429422631855382,0.578947368421053,0.482758620689655,0.3,0.054
3,3,0.93972602739726,0.0429422631855382,0.578947368421053,0.482758620689655,0.3,0.054
2,2,1.91506849315068,0.0429422631855382,0.578947368421053,0.482758620689655,0.3,0
2,3,3.9972602739726,0.0429422631855382,0.578947368421053,0.482758620689655,0.3,0
3,3,2.10958904109589,0.0429422631855382,0.578947368421053,0.482758620689655,0.3,0.378
1,3,1.03835616438356,0.0429422631855382,0.578947368421053,0.482758620689655,0.3,0
1,3,0.0986301369863014,0.0429422631855382,0.578947368421053,0.482758620689655,0.3,0.378
1,1,3.93972602739726,0.0429422631855382,0.578947368421053,0.482758620689655,0.3,0.378
1,3,1.98904109589041,0.0429422631855382,0.578947368421053,0.482758620689655,0.3,0.378
1,3,1.03835616438356,0.0429422631855382,0.578947368421053,0.482758620689655,0.3,0
1,5,0.879452054794521,0.0429422631855382,0.578947368421053,0.482758620689655,0.3,0
1,3,3.12054794520548,0.0429422631855382,0.578947368421053,0.482758620689655,0.3,0.222352941176471
3,3,1.08219178082192,0.0429422631855382,0.473684210526316,0.482758620689655,0.3,0
3,3,0.906849315068493,0.0429422631855382,0.473684210526316,0.482758620689655,0.3,0
2,3,3.92328767123288,0.0429422631855382,0.473684210526316,0.482758620689655,0.3,0.343636363636364
1,3,0.920547945205479,0.0429422631855382,0.473684210526316,0.482758620689655,0.3,0
3,3,1.08767123287671,0.0429422631855382,0.473684210526316,0.482758620689655,0.3,0
1,3,2.11232876712329,0.0428662450638237,0.578947368421053,0.482758620689655,0.3,0.282089552238806
1,3,1.08493150684932,0.0428662450638237,0.578947368421053,0.482758620689655,0.3,0
3,3,1.07397260273973,0.0428662450638237,0.578947368421053,0.482758620689655,0.3,0
3,4,1.99178082191781,0.0428662450638237,0.578947368421053,0.482758620689655,0.3,0
1,3,1.94520547945205,0.0428662450638237,0.578947368421053,0.482758620689655,0.3,0
3,3,1.07397260273973,0.0428662450638237,0.578947368421053,0.482758620689655,0.3,0
3,3,1.08493150684932,0.0428662450638237,0.578947368421053,0.482758620689655,0.3,0
1,3,1.99178082191781,0.0428662450638237,0.578947368421053,0.482758620689655,0.3,0
1,3,3.05479452054795,0.0428662450638237,0.578947368421053,0.482758620689655,0.3,0
1,3,1.12328767123288,0.0428662450638237,0.578947368421053,0.482758620689655,0.3,0
3,3,1.95342465753425,0.0428662450638237,0.552631578947368,0.482758620689655,0.3,0
3,4,1.99178082191781,0.0428662450638237,0.552631578947368,0.482758620689655,0.3,0
3,3,1.99178082191781,0.0428662450638237,0.526315789473684,0.482758620689655,0.3,0
1,3,3.93698630136986,0.0428662450638237,0.526315789473684,0.482758620689655,0.3,0
3,3,1.01643835616438,0.0428662450638237,0.526315789473684,0.482758620689655,0.3,0
1,3,1.99178082191781,0.0428662450638237,0.526315789473684,0.482758620689655,0.3,0
1,5,2.87671232876712,0.0428662450638237,0.526315789473684,0.482758620689655,0.3,0
1,1,3.93698630136986,0.0428662450638237,0.526315789473684,0.482758620689655,0.3,0
3,4,0.947945205479452,0.0428662450638237,0.578947368421053,0.482758620689655,0.3,0
1,1,1.01643835616438,0.0428662450638237,0.578947368421053,0.482758620689655,0.3,0
1,3,2.11232876712329,0.0428662450638237,0.578947368421053,0.482758620689655,0.3,0
1,3,3.93698630136986,0.0428662450638237,0.526315789473684,0.482758620689655,0.3,0
3,3,1.99178082191781,0.0428662450638237,0.526315789473684,0.482758620689655,0.3,0
1,3,2.11232876712329,0.0428662450638237,0.578947368421053,0.482758620689655,0.3,0
1,3,1.98904109589041,0.0428662450638237,0.578947368421053,0.482758620689655,0.3,0
1,1,3.01369863013699,0.0428662450638237,0.473684210526316,0.482758620689655,0.3,0
1,4,1.99178082191781,0.0428662450638237,0.473684210526316,0.482758620689655,0.3,0
1,3,0.986301369863014,0.0428662450638237,0.473684210526316,0.482758620689655,0.3,0.063
1,3,3.05205479452055,0.0428662450638237,0.473684210526316,0.482758620689655,0.3,0
1,3,3.93698630136986,0.0428662450638237,0.473684210526316,0.482758620689655,0.3,0
1,1,3.18630136986301,0.0428662450638237,0.473684210526316,0.482758620689655,0.3,0
3,3,0.980821917808219,0.0428662450638237,0.473684210526316,0.482758620689655,0.3,0.315
3,3,3.01095890410959,0.0427192510110944,0.394736842105263,0.482758620689655,0.3,0.120921305182342
3,5,0.786301369863014,0.0427192510110944,0.473684210526316,0.482758620689655,0.3,0.453237410071942
2,3,0.76986301369863,0.0427192510110944,0.473684210526316,0.482758620689655,0.3,0
3,3,2.95616438356164,0.0427192510110944,0.578947368421053,0.482758620689655,0.3,0
3,3,2.95616438356164,0.0427192510110944,0.578947368421053,0.482758620689655,0.3,0
1,2,2.7972602739726,0.0487405932390144,0.552631578947368,0.482758620689655,0.3,0
1,1,2.11780821917808,0.0487405932390144,0.552631578947368,0.482758620689655,0.3,0
3,3,1.1972602739726,0.0487405932390144,0.5,0.482758620689655,0.3,0
1,3,1.01643835616438,0.0487405932390144,0.5,0.482758620689655,0.3,0.294851794071763
3,3,1.92328767123288,0.0487405932390144,0.5,0.482758620689655,0.3,0.294851794071763
3,5,3.25205479452055,0.0487405932390144,0.5,0.482758620689655,0.3,0
3,3,1.93424657534247,0.0487405932390144,0.5,0.482758620689655,0.3,0.408207343412527
2,5,3.95890410958904,0.0487405932390144,0.5,0.482758620689655,0.3,0.408207343412527
3,5,0.726027397260274,0.0487405932390144,0.421052631578947,0.482758620689655,0.3,0.400423728813559
2,3,1.24109589041096,0.0487405932390144,0.263157894736842,0.482758620689655,0.3,0.457627118644068
2,3,1.20547945205479,0.0487405932390144,0.263157894736842,0.482758620689655,0.3,0.457627118644068
1,4,2.96712328767123,0.0357706661350332,0.447368421052632,0.482758620689655,0.3,0.0491419656786272
1,1,2.96712328767123,0.0357706661350332,0.447368421052632,0.482758620689655,0.3,0.0491419656786272
2,4,1.98904109589041,0.0357706661350332,0.263157894736842,0.482758620689655,0.3,0.00189
1,1,3.15068493150685,0.0366414511170696,0.263157894736842,0.482758620689655,0.3,0
1,3,0.756164383561644,0.0366414511170696,0.263157894736842,0.482758620689655,0.3,0
3,5,0.101369863013699,0.0366414511170696,0.421052631578947,0.482758620689655,0.3,0.23625
3,3,1.98904109589041,0.0366414511170696,0.578947368421053,0.482758620689655,0.3,0
1,3,2.18082191780822,0.0366414511170696,0.578947368421053,0.482758620689655,0.3,0
3,5,1.12602739726027,0.0366414511170696,0.578947368421053,0.482758620689655,0.3,0
1,3,2.97260273972603,0.0366414511170696,0.578947368421053,0.482758620689655,0.3,0
1,3,0.83013698630137,0.0366414511170696,0.473684210526316,0.482758620689655,0.3,0.4725
1,3,0.96986301369863,0.0366414511170696,0.473684210526316,0.482758620689655,0.3,0.4725
3,3,0.728767123287671,0.0366414511170696,0.473684210526316,0.482758620689655,0.3,0
3,3,0.934246575342466,0.0366414511170696,0.473684210526316,0.482758620689655,0.3,0
3,5,1.81917808219178,0.0366414511170696,0.578947368421053,0.482758620689655,0.3,0.171818181818182
1,1,0.997260273972603,0.0366414511170696,0.578947368421053,0.482758620689655,0.3,0.027
3,3,2.71506849315068,0.0366414511170696,0.394736842105263,0.482758620689655,0.3,0.118125
1,1,0.906849315068493,0.0354333395218451,0.473684210526316,0.482758620689655,0.3,0
1,1,1.95616438356164,0.0367611659718582,0.394736842105263,0.482758620689655,0.3,0
1,1,2.96986301369863,0.0367611659718582,0.394736842105263,0.482758620689655,0.3,0
1,2,1.73424657534247,0.0367611659718582,0.394736842105263,0.482758620689655,0.3,0
1,5,2.10958904109589,0.0367611659718582,0.394736842105263,0.482758620689655,0.3,0.1575
1,4,1.95616438356164,0.0367611659718582,0.394736842105263,0.482758620689655,0.3,0
4,5,0.106849315068493,0.0367611659718582,0.394736842105263,0.482758620689655,0.3,0
4,5,0.610958904109589,0.0367611659718582,0.421052631578947,0.482758620689655,0.3,0.189
1,3,0.906849315068493,0.0367611659718582,0.421052631578947,0.482758620689655,0.3,0
1,1,2.96986301369863,0.0367611659718582,0.421052631578947,0.482758620689655,0.3,0
2,3,1.03287671232877,0.0367611659718582,0.421052631578947,0.482758620689655,0.3,0
3,4,1.40821917808219,0.0367611659718582,0.421052631578947,0.482758620689655,0.3,0
1,2,1.67397260273973,0.0367611659718582,0.421052631578947,0.482758620689655,0.3,0
3,3,3.82465753424658,0.0367611659718582,0.421052631578947,0.482758620689655,0.3,0
3,3,3.92876712328767,0.0367611659718582,0.421052631578947,0.482758620689655,0.3,0
3,5,0.156164383561644,0.0367611659718582,0.421052631578947,0.482758620689655,0.3,0
1,4,1.11232876712329,0.0367611659718582,0.421052631578947,0.482758620689655,0.3,0
3,4,2.15890410958904,0.0367611659718582,0.421052631578947,0.482758620689655,0.3,0
3,4,1.18356164383562,0.0367611659718582,0.421052631578947,0.482758620689655,0.3,0
3,3,0.191780821917808,0.0367611659718582,0.552631578947368,0.482758620689655,0.3,0.4725
1,3,0.997260273972603,0.0367611659718582,0.552631578947368,0.482758620689655,0.3,0.4725
3,3,2.21917808219178,0.0367611659718582,0.473684210526316,0.482758620689655,0.3,0
1,3,0.997260273972603,0.0367611659718582,0.578947368421053,0.482758620689655,0.3,0
1,1,0.997260273972603,0.0367611659718582,0.578947368421053,0.482758620689655,0.3,0
1,3,2.22739726027397,0.0367611659718582,0.473684210526316,0.482758620689655,0.3,0
1,3,0.997260273972603,0.0367611659718582,0.473684210526316,0.482758620689655,0.3,0.189
3,4,1.18356164383562,0.0367611659718582,0.473684210526316,0.482758620689655,0.3,0
1,1,0.821917808219178,0.0367611659718582,0.473684210526316,0.482758620689655,0.3,0
3,3,1.23287671232877,0.0367611659718582,0.578947368421053,0.482758620689655,0.3,0
3,4,1.23287671232877,0.0367611659718582,0.421052631578947,0.482758620689655,0.3,0
1,3,2.96712328767123,0.0367611659718582,0.421052631578947,0.482758620689655,0.3,0
2,3,1.24109589041096,0.0367611659718582,0.421052631578947,0.482758620689655,0.3,0
1,4,2.86027397260274,0.0367611659718582,0.421052631578947,0.482758620689655,0.3,0
2,5,2.01095890410959,0.0367611659718582,0.421052631578947,0.482758620689655,0.3,0
3,3,2.96712328767123,0.0367611659718582,0.421052631578947,0.482758620689655,0.3,0
1,3,1.23287671232877,0.0367611659718582,0.473684210526316,0.482758620689655,0.3,0
1,3,2.96712328767123,0.0367611659718582,0.315789473684211,0.482758620689655,0.3,0
1,3,0.906849315068493,0.0367611659718582,0.315789473684211,0.482758620689655,0.3,0
2,3,0.271232876712329,0.0367611659718582,0.315789473684211,0.482758620689655,0.3,0
1,3,1.23287671232877,0.0367611659718582,0.315789473684211,0.482758620689655,0.3,0
3,4,1.23287671232877,0.0367611659718582,0.315789473684211,0.482758620689655,0.3,0
2,4,2.28767123287671,0.00673788078374082,0.0526315789473684,0.655172413793103,0.75,0.230487804878049
3,3,2.93424657534247,0.00673788078374082,0.0526315789473684,0.655172413793103,0.85,0
5,5,0.252054794520548,0.00673788078374082,0.0526315789473684,0.655172413793103,0.85,0
3,3,1.65205479452055,0.00673788078374082,0.263157894736842,0.655172413793103,0.85,0
3,3,0.117808219178082,0.00673788078374082,0.263157894736842,0.655172413793103,0.85,0
3,3,0.556164383561644,0.99794071119113,0.105263157894737,0.655172413793103,1,0
3,5,1.82465753424658,0.99794071119113,0.105263157894737,0.655172413793103,1,0
3,5,0.33972602739726,0.978851936975807,0.105263157894737,0.655172413793103,0.85,0.248684210526316
2,5,0.235616438356164,0.978851936975807,0.105263157894737,0.655172413793103,1,0.592476489028213
2,4,0.841095890410959,0.978851936975807,0.105263157894737,0.655172413793103,1,0
3,5,2.93424657534247,0.978851936975807,0.210526315789474,0.655172413793103,0.85,0.468982630272953
3,3,1.38904109589041,1,0.210526315789474,0.655172413793103,1,0
3,4,0.668493150684932,1,0.210526315789474,0.655172413793103,1,0.551020408163265
4,4,0.33972602739726,1,0.210526315789474,0.655172413793103,1,0.642857142857143
3,3,1.96712328767123,1,0.210526315789474,0.655172413793103,1,0
3,3,0.676712328767123,1,0.210526315789474,0.655172413793103,1,0
3,3,3.92602739726027,1,0.210526315789474,0.655172413793103,0.75,0.325862068965517
3,4,2.48493150684931,1,0.210526315789474,0.655172413793103,1,0
3,3,0.983561643835616,1,0.210526315789474,0.655172413793103,1,0
4,4,0.115068493150685,1,0.210526315789474,0.655172413793103,1,0.636363636363636
3,3,3.59452054794521,1,0.210526315789474,0.655172413793103,1,0.651724137931035
3,5,1.38630136986301,0.0449897035221608,0.263157894736842,0.655172413793103,0.85,0.525
3,3,0.0986301369863014,0.953476132229329,0.263157894736842,0.862068965517241,0.85,0.378
2,3,3.64931506849315,0.953476132229329,0.263157894736842,0.862068965517241,0.85,0.378
3,5,1.64931506849315,0.953476132229329,0.263157894736842,0.862068965517241,0.85,0
3,3,0.219178082191781,0.953476132229329,0.263157894736842,0.655172413793103,0.85,0.58695652173913
3,3,1.15890410958904,0.953476132229329,0.263157894736842,0.655172413793103,0.85,0.378
2,2,0.13972602739726,0.953476132229329,0.263157894736842,0.655172413793103,0.75,0.4725
3,5,0.736986301369863,0.998075289018236,0.263157894736842,0.655172413793103,0.85,0
3,4,0.712328767123288,0.998075289018236,0.210526315789474,0.655172413793103,0.85,0.497368421052632
3,3,1.35616438356164,0.998075289018236,0.210526315789474,0.655172413793103,1,0.619672131147541
4,5,0.342465753424658,0.998075289018236,0.210526315789474,0.655172413793103,1,0.263598326359833
4,4,0.43013698630137,0.998075289018236,0.210526315789474,0.655172413793103,1,0.611650485436893
3,3,0.961643835616438,0.998075289018236,0.210526315789474,0.655172413793103,1,0
4,5,0.347945205479452,0.998075289018236,0.210526315789474,0.655172413793103,1,0.636363636363636
3,4,0.353424657534247,0.998075289018236,0.210526315789474,0.655172413793103,1,0.384928716904277
1,5,3.47397260273973,0.998075289018236,0.210526315789474,0.655172413793103,1,0.384928716904277
3,4,0.246575342465753,0.998075289018236,0.210526315789474,0.655172413793103,1,0.40997830802603
3,4,2.37534246575342,0.998075289018236,0.210526315789474,0.655172413793103,1,0.40997830802603
1,5,0.186301369863014,0.998075289018236,0.210526315789474,0.655172413793103,1,0.520661157024793
2,4,0.465753424657534,0.998075289018236,0.210526315789474,0.655172413793103,1,0
3,5,0.627397260273973,0.998075289018236,0.210526315789474,0.655172413793103,1,0.192073170731707
3,3,0.964383561643836,0.998075289018236,0.210526315789474,0.655172413793103,1,0.192073170731707
3,3,0.673972602739726,0.998075289018236,0.210526315789474,0.655172413793103,1,0.192073170731707
1,3,0.334246575342466,0.998075289018236,0.210526315789474,0.655172413793103,1,0.192073170731707
3,3,1,0.998075289018236,0.210526315789474,0.655172413793103,1,0.192073170731707
3,3,1.66027397260274,0.998075289018236,0.210526315789474,0.655172413793103,1,0.192073170731707
2,4,2.87671232876712,0.998075289018236,0.210526315789474,0.655172413793103,1,0
1,2,0.46027397260274,0.998075289018236,0.210526315789474,0.655172413793103,1,0
4,4,0.112328767123288,0.998075289018236,0.210526315789474,0.655172413793103,1,0
2,4,3.97808219178082,0.998075289018236,0.263157894736842,0.655172413793103,0.75,0
2,3,3.46575342465753,0.998075289018236,0.263157894736842,0.655172413793103,0.75,0.239240506329114
3,3,3.47397260273973,0.998075289018236,0.263157894736842,0.655172413793103,0.75,0
1,3,0.627397260273973,0.998075289018236,0.263157894736842,0.655172413793103,0.85,0
3,3,1.06849315068493,0.998075289018236,0.263157894736842,0.655172413793103,0.75,0
3,3,1.06027397260274,0.998075289018236,0.263157894736842,0.655172413793103,0.75,0
3,3,1.06027397260274,0.998075289018236,0.263157894736842,0.655172413793103,0.75,0
3,3,2.35616438356164,0.998075289018236,0.263157894736842,0.655172413793103,0.85,0
3,4,1.18082191780822,0.998075289018236,0.263157894736842,0.655172413793103,0.85,0
2,2,2.21917808219178,0.998075289018236,0.263157894736842,0.655172413793103,0.75,0
5,5,0.717808219178082,0.998075289018236,0.263157894736842,0.655172413793103,1,0.585139318885449
3,5,2.15068493150685,0.998075289018236,0.263157894736842,0.655172413793103,1,0
3,3,1.5013698630137,0.998075289018236,0.263157894736842,0.655172413793103,1,0.640677966101695
3,5,0.528767123287671,0.998075289018236,0.263157894736842,0.655172413793103,1,0.640677966101695
3,3,1.91232876712329,0.0140883674605832,0.263157894736842,0.655172413793103,0.75,0
3,4,2.37260273972603,0.941119987079015,0.263157894736842,0.862068965517241,1,0
2,4,0.750684931506849,0.941119987079015,0.263157894736842,0.862068965517241,1,0
2,4,1.78356164383562,0.941119987079015,0.263157894736842,0.862068965517241,1,0
3,3,0.252054794520548,0.941119987079015,0.263157894736842,0.862068965517241,1,0.248683556095905
5,5,0.427397260273973,0.0140883674605832,0.263157894736842,0.655172413793103,1,0.609677419354839
5,5,0.136986301369863,0.998080973310968,0.263157894736842,0.655172413793103,1,0.631315240083507
1,4,1.37260273972603,0.998080973310968,0.263157894736842,0.655172413793103,1,0.626035110963895
2,3,3.95616438356164,0.998080973310968,0.263157894736842,0.655172413793103,1,0
3,4,0.534246575342466,0.998080973310968,0.263157894736842,0.655172413793103,1,0.39375
2,3,0.956164383561644,0.998080973310968,0.263157894736842,0.655172413793103,1,0.203225806451613
3,3,2.47945205479452,0.998080973310968,0.263157894736842,0.655172413793103,1,0.203225806451613
3,5,2.33424657534247,0.998080973310968,0.263157894736842,0.655172413793103,0.85,0.535410764872521
3,4,3.74246575342466,0.998080973310968,0.263157894736842,0.655172413793103,1,0
2,3,1.01643835616438,0.998080973310968,0.263157894736842,0.655172413793103,1,0
3,3,0.112328767123288,0.998080973310968,0.263157894736842,0.655172413793103,1,0
3,3,3.91506849315068,0.998080973310968,0.263157894736842,0.655172413793103,1,0
3,3,0.131506849315068,0.998080973310968,0.263157894736842,0.655172413793103,1,0
1,3,3.98630136986301,0.998080973310968,0.263157894736842,0.655172413793103,0.75,0
5,5,0.717808219178082,0.998080973310968,0.263157894736842,0.655172413793103,0.75,0
3,4,2.83835616438356,0.998080973310968,0.263157894736842,0.655172413793103,0.75,0.592476489028213
3,3,3.41917808219178,0.998080973310968,0.263157894736842,0.655172413793103,1,0.421875
2,2,3.47123287671233,0.998080973310968,0.263157894736842,0.655172413793103,1,0.421875
2,5,0.482191780821918,0.998080973310968,0.263157894736842,0.655172413793103,1,0.421875
3,3,3.71506849315068,0.998080973310968,0.263157894736842,0.655172413793103,1,0.421875
3,3,3.41369863013699,0.998080973310968,0.263157894736842,0.655172413793103,1,0
3,5,0.238356164383562,0.0861950536731061,0.263157894736842,0.655172413793103,1,0.63
3,4,0.219178082191781,0.911458969098833,0.263157894736842,0.655172413793103,0.75,0.315
5,5,0.257534246575342,0.0861950536731061,0.263157894736842,0.862068965517241,1,0.627906976744186
5,5,0.564383561643836,0.0861950536731061,0.263157894736842,0.655172413793103,1,0.627906976744186
4,5,0.8,0.0861950536731061,0.263157894736842,0.655172413793103,1,0.636363636363636
1,3,0.663013698630137,0.997256406157356,0.263157894736842,0.655172413793103,1,0
2,3,2.78356164383562,0.997256406157356,0.263157894736842,0.655172413793103,0.85,0
2,3,1.68493150684932,0.997256406157356,0.263157894736842,0.655172413793103,1,0.164347826086957
3,4,0.487671232876712,0.997256406157356,0.263157894736842,0.655172413793103,0.75,0.1512
4,4,0.120547945205479,0.997256406157356,0.263157894736842,0.655172413793103,1,0.603833865814696
2,4,1.85205479452055,0.997256406157356,0.263157894736842,0.655172413793103,0.75,0.3375
3,4,1.81095890410959,0.997256406157356,0.263157894736842,0.655172413793103,0.85,0
3,3,2.93424657534247,0.997256406157356,0.263157894736842,0.655172413793103,0.75,0.28125
3,3,0.994520547945206,0.997256406157356,0.210526315789474,0.655172413793103,0.85,0.638513513513514
2,3,3.87945205479452,0.997256406157356,0.210526315789474,0.655172413793103,1,0.16875
2,3,0.715068493150685,0.997256406157356,0.210526315789474,0.655172413793103,1,0
2,3,0.364383561643836,0.997256406157356,0.210526315789474,0.655172413793103,1,0.544668587896254
2,2,0.76986301369863,0.997256406157356,0.263157894736842,0.655172413793103,1,0
3,3,0.33972602739726,0.997256406157356,0.263157894736842,0.655172413793103,1,0.21
2,5,2.6,0.997256406157356,0.263157894736842,0.655172413793103,1,0.21
3,3,2.6,0.997256406157356,0.263157894736842,0.862068965517241,1,0
4,4,0.673972602739726,0.997256406157356,0.263157894736842,0.862068965517241,1,0.63
3,3,1.21917808219178,0.997256406157356,0.263157894736842,0.862068965517241,1,0.6
2,2,0.441095890410959,0.997256406157356,0.263157894736842,0.655172413793103,1,0.311367380560132
2,4,1.10958904109589,0.997256406157356,0.210526315789474,0.655172413793103,0.85,0.212359550561798
3,3,2.28493150684932,0.997256406157356,0.210526315789474,0.655172413793103,1,0
3,3,0.0876712328767123,0.997256406157356,0.210526315789474,0.655172413793103,1,0.632741881486441
4,5,0.156164383561644,0.997256406157356,0.210526315789474,0.655172413793103,0.85,0
3,3,0.443835616438356,0.997256406157356,0.263157894736842,0.655172413793103,0.85,0.634228187919463
3,5,0.493150684931507,0.997256406157356,0.263157894736842,0.655172413793103,0.85,0.634228187919463
1,5,1.38630136986301,0.997256406157356,0.263157894736842,0.655172413793103,1,0.634228187919463
4,5,0.378082191780822,0.997256406157356,0.263157894736842,0.655172413793103,1,0.627906976744186
3,5,1.12054794520548,0.715993762661407,0.263157894736842,0.655172413793103,1,0
2,3,1.82739726027397,0.715993762661407,0.263157894736842,0.655172413793103,0.75,0.315
3,3,0.115068493150685,0.715993762661407,0.263157894736842,0.655172413793103,1,0.248684210526316
3,5,0.189041095890411,0.715993762661407,0.263157894736842,0.862068965517241,0.85,0.189
4,5,0.410958904109589,0.715993762661407,0.263157894736842,0.862068965517241,0.85,0.189
3,3,0.654794520547945,0.715993762661407,0.263157894736842,0.862068965517241,0.85,0.0945
4,5,0.112328767123288,0.715993762661407,0.263157894736842,0.862068965517241,0.85,0.6
3,3,0.506849315068493,0.715993762661407,0.263157894736842,0.862068965517241,0.85,0.590625
3,5,1.83287671232877,0.715993762661407,0.263157894736842,0.862068965517241,1,0.592476489028213
3,3,1.4,1,0.210526315789474,0.655172413793103,0.75,0.325862068965517
2,4,1.44383561643836,1,0.210526315789474,0.655172413793103,0.75,0
1,1,0.336986301369863,1,0.210526315789474,0.655172413793103,1,0
2,3,0.172602739726027,1,0.210526315789474,0.655172413793103,1,0.623762376237624
3,3,2.06027397260274,1,0.210526315789474,0.655172413793103,1,0
2,3,1.0027397260274,0.953476132229329,0.263157894736842,0.655172413793103,0.75,0
2,3,1.32328767123288,0.998075289018236,0.210526315789474,0.655172413793103,1,0.619672131147541
3,3,0.301369863013699,0.998075289018236,0.210526315789474,0.655172413793103,1,0
3,3,1.93698630136986,0.998075289018236,0.210526315789474,0.655172413793103,1,0
2,3,3.45753424657534,0.998075289018236,0.210526315789474,0.655172413793103,1,0
4,4,0.326027397260274,0.998075289018236,0.210526315789474,0.655172413793103,1,0.192073170731707
3,4,0.254794520547945,0.998075289018236,0.210526315789474,0.655172413793103,1,0
5,5,0.441095890410959,0.998075289018236,0.210526315789474,0.655172413793103,1,0
3,3,3.87945205479452,0.998075289018236,0.210526315789474,0.655172413793103,1,0
3,3,0.942465753424658,0.998075289018236,0.263157894736842,0.655172413793103,1,0
3,4,1.04109589041096,0.998075289018236,0.263157894736842,0.655172413793103,1,0
3,4,0.254794520547945,0.998075289018236,0.263157894736842,0.655172413793103,0.85,0.590625
4,5,0.753424657534247,0.998075289018236,0.263157894736842,0.655172413793103,0.85,0.590625
3,3,0.956164383561644,0.0140883674605832,0.263157894736842,0.655172413793103,0.75,0.43448275862069
3,3,1.41369863013699,0.998080973310968,0.263157894736842,0.655172413793103,1,0
3,3,0.465753424657534,0.998080973310968,0.263157894736842,0.655172413793103,1,0
3,4,1,0.998080973310968,0.263157894736842,0.655172413793103,1,0
3,3,1.86301369863014,0.998080973310968,0.263157894736842,0.655172413793103,1,0
3,3,1.69041095890411,0.998080973310968,0.263157894736842,0.655172413793103,1,0
3,4,2.83561643835616,0.998080973310968,0.263157894736842,0.655172413793103,1,0.203225806451613
3,4,1.56164383561644,0.998080973310968,0.263157894736842,0.655172413793103,1,0.381818181818182
3,3,1.03561643835616,0.998080973310968,0.263157894736842,0.655172413793103,0.85,0
3,4,0.216438356164384,0.998080973310968,0.263157894736842,0.655172413793103,0.75,0
3,4,1.4027397260274,0.998080973310968,0.263157894736842,0.655172413793103,1,0
3,3,0.501369863013699,0.998080973310968,0.263157894736842,0.655172413793103,0.75,0.171818181818182
3,5,0.315068493150685,0.998080973310968,0.263157894736842,0.655172413793103,1,0.0994736842105263
3,3,1.03835616438356,0.998080973310968,0.263157894736842,0.655172413793103,1,0.421875
3,3,1.15068493150685,0.0861950536731061,0.263157894736842,0.655172413793103,1,0.63
3,3,0.386301369863014,0.911458969098833,0.263157894736842,0.655172413793103,0.85,0
3,5,1.78356164383562,0.997256406157356,0.210526315789474,0.655172413793103,1,0.471321695760599
3,3,0.498630136986301,0.997256406157356,0.210526315789474,0.655172413793103,1,0.320338983050847
3,5,1.5972602739726,0.997256406157356,0.210526315789474,0.655172413793103,1,0.16875
3,3,0.443835616438356,0.997256406157356,0.210526315789474,0.655172413793103,1,0.544668587896254
3,3,2.96986301369863,0.997256406157356,0.263157894736842,0.655172413793103,1,0.21
3,3,1.65205479452055,0.997256406157356,0.263157894736842,0.655172413793103,1,0.21
3,3,1.95068493150685,0.997256406157356,0.263157894736842,0.862068965517241,1,0
2,3,2.52876712328767,0.997256406157356,0.210526315789474,0.655172413793103,1,0
3,3,3.41643835616438,0.997256406157356,0.210526315789474,0.655172413793103,1,0.625827814569537
3,5,1.25479452054795,0.997256406157356,0.263157894736842,0.655172413793103,1,0.634228187919463
3,4,0.747945205479452,0.00673788078374082,0.263157894736842,0.655172413793103,0.75,0.670212765957447
3,3,0.649315068493151,0.00673788078374082,0.263157894736842,0.655172413793103,0.85,0
4,5,0.104109589041096,0.00673788078374082,0.263157894736842,0.655172413793103,0.75,0
2,3,2.56986301369863,0.715993762661407,0.263157894736842,0.862068965517241,0.85,0
2,4,1.11232876712329,0.715993762661407,0.263157894736842,0.862068965517241,0.85,0.0945
1,3,2.19178082191781,0.715993762661407,0.263157894736842,0.862068965517241,0.85,0.0945
4,4,0.326027397260274,0.99794071119113,0.105263157894737,0.655172413793103,0.75,0.63
3,4,2.03287671232877,0.99794071119113,0.105263157894737,0.655172413793103,0.85,0
3,5,0.961643835616438,0.99794071119113,0.105263157894737,0.655172413793103,1,0
3,5,0.438356164383562,0.99794071119113,0.105263157894737,0.655172413793103,1,0.592476489028213
3,3,1.22739726027397,0.978851936975807,0.105263157894737,0.655172413793103,1,0
3,5,1.84657534246575,0.978851936975807,0.105263157894737,0.655172413793103,1,0
3,5,0.712328767123288,0.978851936975807,0.210526315789474,0.655172413793103,0.85,0.468982630272953
3,3,1.47945205479452,0.27555428207572,0.394736842105263,0.482758620689655,0,0
3,4,1.8958904109589,0.27555428207572,0.289473684210526,0.655172413793103,0.75,0.154791154791155
1,1,0.86027397260274,0.27555428207572,0.289473684210526,0.655172413793103,0.75,0.154918032786885
1,3,3.0027397260274,0.27555428207572,0.289473684210526,0.655172413793103,0.75,0.154918032786885
1,1,0.506849315068493,0.271718303701068,0.5,0.655172413793103,0.75,0.0226809072362895
1,1,0.506849315068493,0.271718303701068,0.5,0.655172413793103,0.75,0.45
2,4,1.22465753424658,0.271718303701068,0.447368421052632,0.655172413793103,0.3,0.583333333333333
3,4,3.29315068493151,0.271660467205335,0.289473684210526,0.655172413793103,0.75,0.530898876404494
2,3,0.441095890410959,0.266308600833716,0.368421052631579,0.655172413793103,0.3,0.45
1,3,1.97260273972603,0.266308600833716,0.289473684210526,0.655172413793103,0.75,0.567567567567568
1,3,1.88219178082192,0.274780055721479,0.421052631578947,0.655172413793103,0.75,0.59621451104101
1,3,1.06575342465753,0.274780055721479,0.578947368421053,0.655172413793103,0.75,0.304347826086957
3,3,0.506849315068493,0.274780055721479,0.578947368421053,0.655172413793103,0.75,0.304347826086957
2,4,0.73972602739726,0.274780055721479,0.552631578947368,0.482758620689655,0,0
1,1,0.506849315068493,0.274780055721479,0.552631578947368,0.482758620689655,0,0.0945
2,4,1.06027397260274,0.274780055721479,0.368421052631579,0.655172413793103,0.75,0.192857142857143
2,2,3.71232876712329,0.271906392283896,0.447368421052632,0.655172413793103,0.75,0
3,3,0.30958904109589,0.271906392283896,0.447368421052632,0.655172413793103,0.75,0
3,3,0.665753424657534,0.253029775339178,0.236842105263158,0.655172413793103,0.3,0.381818181818182
3,3,0.728767123287671,0.253029775339178,0.447368421052632,0.655172413793103,0.75,0.17011701170117
1,4,1.18082191780822,0.253029775339178,0.342105263157895,0.655172413793103,0.3,0.687272727272727
1,4,2.15890410958904,0.253029775339178,0.342105263157895,0.655172413793103,0.3,0.756
2,2,0.728767123287671,0.253029775339178,0.342105263157895,0.482758620689655,0.3,0.994736842105263
1,1,0.895890410958904,0.253029775339178,0.447368421052632,0.655172413793103,0.75,0.710526315789474
2,2,1.86849315068493,0.267306346285059,0.368421052631579,0.655172413793103,0.75,0.152665589660743
4,4,0.156164383561644,0.267306346285059,0.368421052631579,0.655172413793103,0.75,0.402985074626866
1,1,0.506849315068493,0.267306346285059,0.447368421052632,0.655172413793103,0.75,0.223668639053254
2,5,2.21095890410959,0.267309928538505,0.526315789473684,0.655172413793103,0.75,0
1,1,0.506849315068493,0.267309928538505,0.447368421052632,0.655172413793103,0.75,0.072972972972973
1,1,0.506849315068493,0.262130655813818,0.342105263157895,0.655172413793103,0.75,0.0687772925764192
2,2,3.74520547945205,0.262130655813818,0.421052631578947,0.655172413793103,0.75,0.0687772925764192
2,2,3,0.262130655813818,0.421052631578947,0.655172413793103,0.75,0.0687772925764192
2,2,0.517808219178082,0.267587296339767,0.526315789473684,0.655172413793103,0.75,0.45985401459854
1,1,1.18082191780822,0.267587296339767,0.526315789473684,0.655172413793103,0.75,0.471321695760599
1,3,2.06575342465753,0.267587296339767,0.421052631578947,0.655172413793103,0.75,0.306818181818182
1,3,0.895890410958904,0.267587296339767,0.421052631578947,0.655172413793103,0.75,0.660839160839161
3,3,0.123287671232877,0.262130138752707,0.447368421052632,0.655172413793103,0.75,0.567567567567568
4,4,0.0849315068493151,0.262130138752707,0.447368421052632,0.482758620689655,0,0.0756
1,3,1.93698630136986,0.203563687910727,0.447368421052632,0.655172413793103,0.75,0.378
2,4,1.35342465753425,0.203563687910727,0.736842105263158,0.655172413793103,0.75,0.415384615384615
2,5,0.424657534246575,0.203563687910727,0.736842105263158,0.482758620689655,0.3,0.415384615384615
4,4,0.16986301369863,0.203563687910727,0.736842105263158,0.482758620689655,0,0.248684210526316
2,3,0.145205479452055,0.203563687910727,0.736842105263158,0.862068965517241,0.3,0
2,4,0.156164383561644,0.203563687910727,0.736842105263158,0.862068965517241,0.3,0.145384615384615
3,3,0.167123287671233,0.203563687910727,0.947368421052632,0.862068965517241,0.3,0.315
1,1,1.07397260273973,0.122339717206369,0.447368421052632,0.862068965517241,0.3,0
1,1,0.906849315068493,0.122339717206369,0.447368421052632,0.862068965517241,0.3,0
3,4,0.693150684931507,0.122339717206369,0.447368421052632,0.862068965517241,0.3,0
1,3,1.11506849315068,0.122339717206369,0.447368421052632,0.862068965517241,0.3,0
1,1,0.506849315068493,0.122339717206369,0.447368421052632,0.862068965517241,0.3,0.0755697720911635
1,1,0.506849315068493,0.122339717206369,0.578947368421053,0.862068965517241,0.3,0.0754792332268371
3,3,0.506849315068493,0.127770322184631,0.210526315789474,0.862068965517241,0.75,0
3,4,0.506849315068493,0.127770322184631,0.210526315789474,0.862068965517241,0.75,0
1,4,1.45205479452055,0.127770322184631,0.210526315789474,0.482758620689655,0.3,0.16875
3,3,1.07397260273973,0.127770322184631,0.210526315789474,0.482758620689655,0.3,0.16875
3,3,1.3013698630137,0.127770322184631,0.210526315789474,0.482758620689655,0.3,0.16875
2,3,0.972602739726027,0.123565348048636,0.210526315789474,0.655172413793103,0.3,0.0698189878093831
3,3,1.76712328767123,0.123565348048636,0.578947368421053,0.655172413793103,0.3,0
3,3,2.37260273972603,0.123565348048636,0.578947368421053,0.655172413793103,0.3,0
3,3,0.687671232876712,0.123565348048636,0.578947368421053,0.655172413793103,0.3,0
1,1,2.4958904109589,0.123565348048636,0.578947368421053,0.655172413793103,0.3,0
1,1,3.42465753424658,0.123565348048636,0.578947368421053,0.655172413793103,0.3,0.094311377245509
1,1,0.506849315068493,0.123565348048636,0.578947368421053,0.655172413793103,0.3,0.094311377245509
1,3,3.24109589041096,0.123565348048636,0.578947368421053,0.655172413793103,0.3,0.094311377245509
1,3,1.07397260273973,0.123565348048636,0.578947368421053,0.655172413793103,0.3,0
1,1,0.506849315068493,0.127855410842429,0.157894736842105,0.655172413793103,0.3,0
2,3,0.268493150684932,0.124261400170126,0.157894736842105,0.655172413793103,0.3,0
3,3,1.07397260273973,0.124261400170126,0.157894736842105,0.655172413793103,0.3,0
1,1,0.506849315068493,0.124261400170126,0.315789473684211,0.862068965517241,0.3,0
1,1,1.07397260273973,0.124261400170126,0.315789473684211,0.862068965517241,0.3,0
1,3,0.808219178082192,0.124261400170126,0.315789473684211,0.862068965517241,0.3,0
3,4,1.03835616438356,0.127943128739078,0.315789473684211,0.862068965517241,0.3,0
3,4,1.29041095890411,0.12840885548192,0.315789473684211,0.862068965517241,0.3,0.0410958904109589
3,4,3.41095890410959,0.12840885548192,0.315789473684211,0.655172413793103,0.3,0
4,4,0.69041095890411,0.12840885548192,0.315789473684211,0.655172413793103,0.3,0
3,3,0.506849315068493,0.128255197085987,0.578947368421053,0.655172413793103,0.3,0.094311377245509
3,3,1.06575342465753,0.128255197085987,0.315789473684211,0.655172413793103,0.3,0.0945
3,3,0.506849315068493,0.128255197085987,0.315789473684211,0.655172413793103,0.3,0.0945
1,3,1.81095890410959,0.0116388090361789,0.421052631578947,0.655172413793103,0.3,0.756
2,2,1.09041095890411,0.0116388090361789,0.526315789473684,0.655172413793103,0.3,0.410869565217391
2,2,1.09041095890411,0.0116388090361789,0.526315789473684,0.655172413793103,0.3,0.410869565217391
1,1,1.07397260273973,0.139272640605543,0.421052631578947,0.655172413793103,0.3,0.237139272271016
1,3,3.41095890410959,0.139272640605543,0.421052631578947,0.655172413793103,0.3,0.237139272271016
1,1,3.74246575342466,0.139272640605543,0.421052631578947,0.655172413793103,0.3,0.237139272271016
2,2,2.05753424657534,0.138334360561406,0.578947368421053,0.655172413793103,0.3,0.06048
2,2,2.76986301369863,0.0740447326396631,0.578947368421053,0.655172413793103,0.3,0.15736885928393
1,3,1.81369863013699,0.0753896592806548,0.315789473684211,0.862068965517241,0.3,0.0786516853932584
1,3,1.11780821917808,0.0764821519561632,0.578947368421053,0.655172413793103,0.3,0.00378
2,2,1.31506849315068,0.150845340168219,0.578947368421053,0.655172413793103,0.3,0.308319738988581
1,1,0.712328767123288,0.150845340168219,0.315789473684211,0.655172413793103,0.3,0
2,2,0.183561643835616,0.148358729077038,0.421052631578947,0.655172413793103,0.3,0.145384615384615
2,2,0.183561643835616,0.148358729077038,0.578947368421053,0.655172413793103,0.3,0.1512
1,1,1.07397260273973,0.148358729077038,0.394736842105263,0.655172413793103,0.3,0.121153846153846
2,2,1.88493150684932,0.132568710121915,0.368421052631579,0.482758620689655,0.3,0
3,3,0.531506849315069,0.132568710121915,0.342105263157895,0.655172413793103,0.3,0
1,1,3.43013698630137,0.148541532146291,0.578947368421053,0.655172413793103,0.3,0
1,1,1.07397260273973,0.148541532146291,0.578947368421053,0.655172413793103,0.3,0
1,3,2.33698630136986,0.148541532146291,0.578947368421053,0.655172413793103,0.3,0
2,2,0.756164383561644,0.148541532146291,0.578947368421053,0.655172413793103,0.3,0
1,1,2.37260273972603,0.148541532146291,0.315789473684211,0.655172413793103,0.3,0
1,1,2.68493150684932,0.148541532146291,0.315789473684211,0.655172413793103,0.3,0
2,2,1.83287671232877,0.148541532146291,0.105263157894737,0.655172413793103,0.3,0
1,3,1.07397260273973,0.148559936818241,0.578947368421053,0.655172413793103,0.3,0
2,3,0.824657534246575,0.148544627753986,0.421052631578947,0.655172413793103,0.3,0
2,2,1.04109589041096,0.138515507683312,0.210526315789474,0.482758620689655,0.3,0
2,2,0.734246575342466,0.157694101834571,0.263157894736842,0.655172413793103,0.3,0.58695652173913
2,2,2.57534246575342,0.157694101834571,0.263157894736842,0.655172413793103,0.3,0
2,3,3.92602739726027,0.0850520579829761,0.157894736842105,0.655172413793103,0.3,0
2,4,2.15616438356164,0.145012458266409,0.578947368421053,0.655172413793103,0.3,0.274709302325581
2,2,0.96986301369863,0.13991326918315,0.447368421052632,0.655172413793103,0.3,0.0756
3,3,0.69041095890411,0.13991326918315,0.447368421052632,0.655172413793103,0.3,0.106179775280899
1,2,2.18904109589041,0.145375468960909,0.210526315789474,0.655172413793103,0.3,0
2,4,0.175342465753425,0.0610572660117334,0.131578947368421,0.482758620689655,0,0
1,2,0.679452054794521,0.0378100430219176,0.315789473684211,0.482758620689655,0,0.00189
3,3,3.78082191780822,0.0452605286416573,0.342105263157895,0.655172413793103,0.75,0
4,4,0.23013698630137,0.0452605286416573,0.342105263157895,0.655172413793103,0.75,0
1,1,1.05205479452055,0.0452605286416573,0.5,0.482758620689655,0,0.408207343412527
1,2,2.61369863013699,0.0452605286416573,0.421052631578947,0.482758620689655,0,0
1,1,0.863013698630137,0.0452605286416573,0.421052631578947,0.482758620689655,0,0
2,3,1.24657534246575,0.0204829534617154,0.421052631578947,0.655172413793103,0.3,0
1,1,1.22191780821918,0.0204829534617154,0.421052631578947,0.655172413793103,0.3,0
1,1,1.46575342465753,0.0204829534617154,0.421052631578947,0.655172413793103,0.3,0
1,1,1.91506849315068,0.0204829534617154,0.421052631578947,0.655172413793103,0.3,0
1,4,1.05205479452055,0.0204829534617154,0.315789473684211,0.655172413793103,0.3,0.154285714285714
2,2,0.852054794520548,0.271906392283896,0.368421052631579,0.655172413793103,0.75,0.252
1,1,0.506849315068493,0.271906392283896,0.447368421052632,0.655172413793103,0.75,0
2,2,1.48493150684931,0.138515507683312,0.210526315789474,0.482758620689655,0.3,0
1,1,0.526027397260274,0.158113407979925,0.421052631578947,0.655172413793103,0.3,0.325301204819277
2,2,0.879452054794521,0.158113407979925,0.210526315789474,0.655172413793103,0.3,0
2,2,0.975342465753425,0.145012458266409,0.578947368421053,0.655172413793103,0.3,0
2,2,0.991780821917808,0.13991326918315,0.578947368421053,0.655172413793103,0.3,0
1,3,1.3972602739726,0.253029775339178,0.447368421052632,0.655172413793103,0.75,0.17011701170117
2,2,2.03287671232877,0.145375468960909,0.210526315789474,0.655172413793103,0.3,0
3,3,0.728767123287671,0.267306346285059,0.315789473684211,0.655172413793103,0.75,0.152665589660743
4,4,0.156164383561644,0.267309928538505,0.447368421052632,0.655172413793103,0.75,0
4,4,0.821917808219178,0.267309928538505,0.447368421052632,0.655172413793103,0.75,0
2,2,0.958904109589041,0.0378100430219176,0.315789473684211,0.655172413793103,0.3,0
2,4,0.175342465753425,0.0452605286416573,0.342105263157895,0.655172413793103,0.75,0
4,4,0.687671232876712,0.0452605286416573,0.342105263157895,0.655172413793103,0.75,0
2,2,2.1013698630137,0.0452605286416573,0.342105263157895,0.482758620689655,0,0
2,2,1.66575342465753,0.0452605286416573,0.421052631578947,0.482758620689655,0,0.180861244019139
2,2,1.65753424657534,0.0452605286416573,0.315789473684211,0.655172413793103,0.3,0
2,2,0.978082191780822,0.0452605286416573,0.421052631578947,0.482758620689655,0,0.311367380560132
1,4,1.46575342465753,0.0452605286416573,0.236842105263158,0.482758620689655,0.3,0
1,1,1.91506849315068,0.0204829534617154,0.421052631578947,0.655172413793103,0.3,0
2,4,2.22191780821918,0.0204829534617154,0.421052631578947,0.655172413793103,0.3,0
2,3,1.90958904109589,0.262130138752707,0.447368421052632,0.482758620689655,0,0.0756
1,1,0.506849315068493,0.262130138752707,0.447368421052632,0.655172413793103,0.75,0
2,2,3.0027397260274,0.262130138752707,0.447368421052632,0.655172413793103,0.75,0.353271028037383
1,3,3.42465753424658,0.127770322184631,0.210526315789474,0.862068965517241,0.75,0
1,4,3.42465753424658,0.123565348048636,0.578947368421053,0.655172413793103,0.3,0.0945
2,5,0.597260273972603,0.123565348048636,0.578947368421053,0.655172413793103,0.3,0
2,5,3.56712328767123,0.27555428207572,0.289473684210526,0.655172413793103,0.75,0.154791154791155
1,1,0.808219178082192,0.124261400170126,0.315789473684211,0.862068965517241,0.3,0.0756302521008403
2,3,1.06301369863014,0.127943128739078,0.315789473684211,0.862068965517241,0.3,0
3,3,1.10958904109589,0.128255197085987,0.578947368421053,0.655172413793103,0.3,0.094311377245509
2,2,2.86301369863014,0.24848999230586,0.210526315789474,0.655172413793103,0.75,0
2,4,0.926027397260274,0.24848999230586,0.0789473684210526,0.655172413793103,0.75,0.328695652173913
2,3,0.284931506849315,0.0116388090361789,0.210526315789474,0.655172413793103,0.3,0.762096774193548
1,4,1.89315068493151,0.139272640605543,0.578947368421053,0.655172413793103,0.3,0
2,4,2.84109589041096,0.0740447326396631,0.421052631578947,0.862068965517241,0.3,0
2,3,1.00547945205479,0.0740447326396631,0.421052631578947,0.862068965517241,0.3,0
2,3,1.95068493150685,0.0764821519561632,0.578947368421053,0.655172413793103,0.3,0
3,3,0.380821917808219,0.123727174658323,0.578947368421053,0.655172413793103,0.3,0.181730769230769
3,3,0.506849315068493,0.266308600833716,0.289473684210526,0.655172413793103,0.75,0.567567567567568
1,3,1.05479452054795,0.148541532146291,0.368421052631579,0.655172413793103,0.3,0.115950920245399
2,5,1.59452054794521,0.274780055721479,0.552631578947368,0.482758620689655,0,0
2,5,1.59178082191781,0.274780055721479,0.552631578947368,0.482758620689655,0,0
5,5,0.0958904109589041,0.274780055721479,0.552631578947368,0.482758620689655,0,0
2,2,0.961643835616438,0.274780055721479,0.552631578947368,0.482758620689655,0,0
2,2,1.39452054794521,0.148541532146291,0.578947368421053,0.655172413793103,0.3,0
3,3,0.150684931506849,0.148541532146291,0.421052631578947,0.655172413793103,0.3,0.221830985915493
1,1,2.12602739726027,0.148541532146291,0.315789473684211,0.655172413793103,0.3,0
2,2,2.86027397260274,0.00127928353633355,0.578947368421053,0.482758620689655,0.3,0.488372093023256
1,3,3.94794520547945,0.0840701082416405,0.263157894736842,0.206896551724138,0.3,0
2,5,3.22191780821918,0.0840701082416405,0.421052631578947,0.655172413793103,0.75,0
3,3,0.895890410958904,0.0840701082416405,0.421052631578947,0.655172413793103,0.75,0
4,4,0.167123287671233,0.0840701082416405,0.421052631578947,0.655172413793103,0.75,0
2,2,0.726027397260274,0.0840701082416405,0.342105263157895,0.655172413793103,0.75,0.240764331210191
3,3,1.47945205479452,0.0840701082416405,0.236842105263158,0.655172413793103,0.3,0
3,4,1.8958904109589,0.0840701082416405,0.236842105263158,0.655172413793103,0.3,0
2,5,3.56712328767123,0.0840701082416405,0.236842105263158,0.655172413793103,0.3,0
1,1,0.86027397260274,0.0840701082416405,0.236842105263158,0.655172413793103,0.3,0
1,3,3.0027397260274,0.0840701082416405,0.236842105263158,0.655172413793103,0.3,0
1,1,0.506849315068493,0.0840701082416405,0.236842105263158,0.655172413793103,0.3,0.102829162132753
1,1,0.506849315068493,0.0840701082416405,0.236842105263158,0.655172413793103,0.3,0.102829162132753
2,4,1.22465753424658,0.0783145151476736,0.421052631578947,0.655172413793103,0.3,0.101069518716578
3,4,3.29315068493151,0.0783145151476736,0.236842105263158,0.655172413793103,0.3,0.205434782608696
2,3,0.441095890410959,0.0872788948685936,0.368421052631579,0.655172413793103,0.3,0.310855263157895
1,3,1.97260273972603,0.0872788948685936,0.368421052631579,0.655172413793103,0.3,0
3,3,0.506849315068493,0.0872788948685936,0.368421052631579,0.655172413793103,0.3,0
1,3,1.88219178082192,0.0872788948685936,0.421052631578947,0.482758620689655,0.3,0.0189
1,3,1.06575342465753,0.0872788948685936,0.421052631578947,0.482758620689655,0.3,0
3,3,0.506849315068493,0.0872788948685936,0.421052631578947,0.482758620689655,0.3,0
2,4,0.73972602739726,0.0872788948685936,0.421052631578947,0.482758620689655,0.3,0.300955414012739
2,5,1.59452054794521,0.0872788948685936,0.421052631578947,0.482758620689655,0.3,0.300955414012739
2,5,1.59178082191781,0.0872788948685936,0.394736842105263,0.482758620689655,0.3,0.300955414012739
5,5,0.0958904109589041,0.0872788948685936,0.394736842105263,0.482758620689655,0.3,0.300955414012739
1,1,0.506849315068493,0.0872788948685936,0.394736842105263,0.482758620689655,0.3,0.300955414012739
2,2,0.961643835616438,0.0872788948685936,0.394736842105263,0.482758620689655,0.3,0.300955414012739
2,4,1.06027397260274,0.0872788948685936,0.394736842105263,0.482758620689655,0.3,0.488372093023256
2,2,0.852054794520548,0.0872788948685936,0.236842105263158,0.482758620689655,0.3,0.488372093023256
1,1,0.506849315068493,0.0872788948685936,0.236842105263158,0.482758620689655,0.3,0
2,2,3.71232876712329,0.0872788948685936,0.236842105263158,0.482758620689655,0.3,0
3,3,0.30958904109589,0.0872788948685936,0.342105263157895,0.482758620689655,0.3,0.304347826086957
3,3,0.665753424657534,0.0805344849210246,0.157894736842105,0.482758620689655,0.3,0.536931818181818
3,3,0.728767123287671,0.00683896792060948,0.342105263157895,0.655172413793103,0.3,0.126
1,3,1.3972602739726,0.00683896792060948,0.342105263157895,0.655172413793103,0.3,0.63
1,4,1.18082191780822,0.00683896792060948,0.342105263157895,0.655172413793103,0.3,0
1,4,2.15890410958904,0.00683896792060948,0.342105263157895,0.655172413793103,0.3,0
2,2,0.728767123287671,0.00683896792060948,0.342105263157895,0.655172413793103,0.3,0
1,1,0.895890410958904,0.0805344849210246,0.342105263157895,0.482758620689655,0,0.630147034308005
3,3,0.728767123287671,0.08735101306533,0.342105263157895,0.206896551724138,0.3,0
2,2,1.86849315068493,0.08735101306533,0.342105263157895,0.206896551724138,0.3,0
4,4,0.156164383561644,0.08735101306533,0.342105263157895,0.206896551724138,0.3,0
1,1,0.506849315068493,0.08735101306533,0.368421052631579,0.206896551724138,0.3,0
4,4,0.156164383561644,0.08735101306533,0.368421052631579,0.206896551724138,0.3,0
4,4,0.821917808219178,0.08735101306533,0.368421052631579,0.206896551724138,0.3,0
2,5,2.21095890410959,0.08735101306533,0.368421052631579,0.206896551724138,0.3,0
1,1,0.506849315068493,0.08735101306533,0.368421052631579,0.206896551724138,0.3,0.0606741573033708
1,1,0.506849315068493,0.08735101306533,0.263157894736842,0.206896551724138,0.3,0.0606741573033708
2,2,3.74520547945205,0.08735101306533,0.263157894736842,0.206896551724138,0.3,0.0606741573033708
2,2,3,0.08735101306533,0.263157894736842,0.206896551724138,0.3,0.0606741573033708
2,2,0.517808219178082,0.08735101306533,0.289473684210526,0.206896551724138,0.3,0.6
1,1,1.18082191780822,0.08735101306533,0.289473684210526,0.206896551724138,0.3,0.63
1,3,2.06575342465753,0.08735101306533,0.263157894736842,0.655172413793103,0.75,0.212359550561798
1,3,0.895890410958904,0.08735101306533,0.263157894736842,0.655172413793103,0.75,0.212359550561798
3,3,0.123287671232877,0.0544663725217531,0.263157894736842,0.655172413793103,0.75,0.247058823529412
4,4,0.0849315068493151,0.0544663725217531,0.315789473684211,0.655172413793103,0.3,0
2,3,1.90958904109589,0.0544663725217531,0.315789473684211,0.655172413793103,0.3,0.63
1,1,0.506849315068493,0.0544663725217531,0.263157894736842,0.482758620689655,0.3,0
2,2,3.0027397260274,0.0544663725217531,0.342105263157895,0.482758620689655,0.3,0
1,3,1.93698630136986,0.0873596577863821,0.342105263157895,0.482758620689655,0.3,0
2,4,1.35342465753425,0.0873596577863821,0.342105263157895,0.206896551724138,0.3,0.488372093023256
2,5,0.424657534246575,0.0873596577863821,0.342105263157895,0.206896551724138,0.3,0.488372093023256
4,4,0.16986301369863,0.0873596577863821,0.342105263157895,0.206896551724138,0.3,0.0609677419354839
2,3,0.145205479452055,0.0873596577863821,0.342105263157895,0.206896551724138,0.3,0.0609677419354839
2,4,0.156164383561644,0.0873596577863821,0.342105263157895,0.206896551724138,0.3,0.601910828025478
3,3,0.167123287671233,0.0873596577863821,0.315789473684211,0.206896551724138,0.3,0
1,1,1.07397260273973,0.0873596577863821,0.315789473684211,0.655172413793103,0.75,0.252
1,1,0.906849315068493,0.0873596577863821,0.315789473684211,0.655172413793103,0.75,0.230487804878049
3,4,0.693150684931507,0.0873596577863821,0.315789473684211,0.655172413793103,0.75,0.156198347107438
1,3,1.11506849315068,0.0873596577863821,0.315789473684211,0.655172413793103,0.75,0.156198347107438
1,1,0.506849315068493,0.0873596577863821,0.157894736842105,0.482758620689655,0.3,0
1,1,0.506849315068493,0.0800023175152106,0.157894736842105,0.482758620689655,0.3,0
3,3,0.506849315068493,0.0870519084205152,0.157894736842105,0.482758620689655,0.3,0
1,3,3.42465753424658,0.0870519084205152,0.157894736842105,0.482758620689655,0.3,0
3,4,0.506849315068493,0.0870519084205152,0.157894736842105,0.482758620689655,0.3,0
1,4,1.45205479452055,0.0870519084205152,0.421052631578947,0.482758620689655,0.3,0.00378
3,3,1.07397260273973,0.0870519084205152,0.421052631578947,0.482758620689655,0.3,0.00378
3,3,1.3013698630137,0.0870519084205152,0.421052631578947,0.482758620689655,0.3,0.00378
2,3,0.972602739726027,0.0870519084205152,0.368421052631579,0.482758620689655,0.3,0
3,3,1.76712328767123,0.0870519084205152,0.368421052631579,0.655172413793103,0.75,0.39622641509434
3,3,2.37260273972603,0.0870519084205152,0.368421052631579,0.655172413793103,0.75,0.39622641509434
3,3,0.687671232876712,0.0870519084205152,0.315789473684211,0.655172413793103,0.75,0.295774647887324
1,1,2.4958904109589,0.0870519084205152,0.315789473684211,0.655172413793103,0.75,0.295774647887324
1,1,3.42465753424658,0.0870519084205152,0.315789473684211,0.655172413793103,0.75,0.0567056705670567
1,1,0.506849315068493,0.0870519084205152,0.315789473684211,0.655172413793103,0.75,0.0567056705670567
1,3,3.24109589041096,0.0870519084205152,0.315789473684211,0.655172413793103,0.75,0.0567056705670567
1,4,3.42465753424658,0.0870519084205152,0.315789473684211,0.655172413793103,0.75,0
1,3,1.07397260273973,0.0870519084205152,0.421052631578947,0.655172413793103,0.75,0.378
2,5,0.597260273972603,0.0870519084205152,0.421052631578947,0.655172413793103,0.75,0
1,1,0.506849315068493,0.0364429334454349,0.473684210526316,0.482758620689655,0.3,0.630147034308005
2,3,0.268493150684932,0.012891874532668,0.263157894736842,0.482758620689655,0.3,0.01512
3,3,1.07397260273973,0.012891874532668,0.263157894736842,0.482758620689655,0.3,0.01512
1,1,0.506849315068493,0.012891874532668,0.315789473684211,0.482758620689655,0.3,0
1,1,1.07397260273973,0.012891874532668,0.315789473684211,0.482758620689655,0.3,0.102162162162162
1,3,0.808219178082192,0.012891874532668,0.315789473684211,0.482758620689655,0.3,0
1,1,0.808219178082192,0.012891874532668,0.315789473684211,0.482758620689655,0.3,0.0718085106382979
2,3,1.06301369863014,0.012891874532668,0.421052631578947,0.482758620689655,0,0
3,4,1.03835616438356,0.012891874532668,0.315789473684211,0.482758620689655,0,0.344262295081967
3,4,1.29041095890411,0.012891874532668,0.315789473684211,0.482758620689655,0,0.063
3,4,3.41095890410959,0.012891874532668,0.0526315789473684,0.482758620689655,0,0
4,4,0.69041095890411,0.012891874532668,0.0526315789473684,0.482758620689655,0,0
3,3,1.10958904109589,0.012891874532668,0.0526315789473684,0.482758620689655,0,0
3,3,0.506849315068493,0.012891874532668,0.0526315789473684,0.482758620689655,0,0
3,3,1.06575342465753,0.012891874532668,0.0526315789473684,0.482758620689655,0,0.313953488372093
3,3,0.506849315068493,0.012891874532668,0.0526315789473684,0.482758620689655,0,0.313953488372093
2,2,2.86301369863014,0.00031227111597144,0.315789473684211,0.482758620689655,0,0
2,4,0.926027397260274,0.00031227111597144,0.315789473684211,0.482758620689655,0,0
2,3,0.284931506849315,0.00031227111597144,0.315789473684211,0.482758620689655,0,0
1,3,1.81095890410959,0.00031227111597144,0.315789473684211,0.482758620689655,0,0
2,2,1.09041095890411,0.00031227111597144,0.315789473684211,0.482758620689655,0,0.158823529411765
2,2,1.09041095890411,0.00031227111597144,0.315789473684211,0.482758620689655,0,0.158823529411765
1,1,1.07397260273973,0.00031227111597144,0.315789473684211,0.482758620689655,0.3,0
1,3,3.41095890410959,0.00031227111597144,0.315789473684211,0.482758620689655,0.3,0
1,1,3.74246575342466,0.00031227111597144,0.315789473684211,0.482758620689655,0.3,0
1,4,1.89315068493151,0.00031227111597144,0.315789473684211,0.482758620689655,0,0.598101265822785
2,2,2.05753424657534,0.00031227111597144,0.315789473684211,0.482758620689655,0.3,0
2,2,2.76986301369863,0.00031227111597144,0.315789473684211,0.482758620689655,0.3,0
2,4,2.84109589041096,0.00031227111597144,0.315789473684211,0.482758620689655,0,0
2,3,1.00547945205479,0.00031227111597144,0.315789473684211,0.482758620689655,0,0.605769230769231
1,3,1.81369863013699,0.00031227111597144,0.315789473684211,0.482758620689655,0.3,0
2,2,1.05479452054795,0.0797308502936813,0.526315789473684,0.482758620689655,0,0.431506849315068
1,1,0.898630136986301,0.0797308502936813,0.526315789473684,0.482758620689655,0.3,0
3,3,1.13424657534247,0.0797308502936813,0.526315789473684,0.482758620689655,0.3,0.370588235294118
2,3,2.76438356164384,0.0797308502936813,0.526315789473684,0.482758620689655,0.3,0
3,4,2.07671232876712,0.0725385032090637,0.263157894736842,0.482758620689655,0.3,0
2,4,1.17808219178082,0.0725385032090637,0.263157894736842,0.482758620689655,0.3,0.374257425742574
3,5,3.47945205479452,0.0798434479543589,0.263157894736842,0.482758620689655,0.3,0
2,2,0.96986301369863,0.0798434479543589,0.263157894736842,0.482758620689655,0.3,0
1,4,3.24657534246575,0.0798434479543589,0.394736842105263,0.482758620689655,0,0.494764397905759
1,1,1.82739726027397,0.0798434479543589,0.447368421052632,0.482758620689655,0,0.49868073878628
1,3,2.60547945205479,0.0798434479543589,0.368421052631579,0.482758620689655,0,0.238035264483627
3,3,2.67671232876712,0.0798434479543589,0.368421052631579,0.482758620689655,0,0.238035264483627
2,5,2.97808219178082,0.0798434479543589,0.368421052631579,0.482758620689655,0,0
1,1,3.24657534246575,0.0798434479543589,0.368421052631579,0.482758620689655,0.3,0.49868073878628
1,3,1.82739726027397,0.0798434479543589,0.368421052631579,0.482758620689655,0.3,0.49868073878628
3,3,1.77808219178082,0.0798434479543589,0.368421052631579,0.482758620689655,0.3,0.49868073878628
1,1,0.898630136986301,0.0798434479543589,0.368421052631579,0.482758620689655,0.3,0
1,3,2.90958904109589,0.0788281089073178,0.368421052631579,0.482758620689655,0.3,0
1,1,0.898630136986301,0.0791362840882169,0.368421052631579,0.482758620689655,0.3,0.5
2,3,2.77534246575342,0.0791362840882169,0.342105263157895,0.482758620689655,0.3,0
1,1,1,0.0792125860866195,0.578947368421053,0.482758620689655,0.3,0
2,2,1.01369863013699,0.0792125860866195,0.5,0.482758620689655,0,0
2,3,2.81643835616438,0.0792125860866195,0.5,0.482758620689655,0,0
3,3,0.794520547945205,0.0792125860866195,0.578947368421053,0.482758620689655,0,0.13695652173913
1,3,1,0.0792125860866195,0.447368421052632,0.482758620689655,0,0.400423728813559
1,1,2.6027397260274,0.0792125860866195,0.447368421052632,0.482758620689655,0,0.113377324535093
1,1,0.898630136986301,0.0792125860866195,0.263157894736842,0.482758620689655,0.3,0.226890756302521
1,4,1.82465753424658,0.0792125860866195,0.263157894736842,0.482758620689655,0.3,0.224465558194774
3,4,1.72054794520548,0.074355631684975,0.289473684210526,0.482758620689655,0.3,0
3,3,0.789041095890411,0.079948860831238,0.210526315789474,0.482758620689655,0.3,0.073828125
3,3,0.975342465753425,0.079948860831238,0.210526315789474,0.482758620689655,0.3,0.073828125
2,2,1.04657534246575,0.0173918675168584,0.421052631578947,0,0,0
2,2,0.238356164383562,0.0797308502936813,0.526315789473684,0.482758620689655,0,0
2,2,1.05479452054795,0.0797308502936813,0.526315789473684,0.482758620689655,0.3,0.356603773584906
2,2,1.05479452054795,0.0797308502936813,0.526315789473684,0.482758620689655,0.3,0.356603773584906
1,1,2.91780821917808,0.0797308502936813,0.394736842105263,0.482758620689655,0.3,0.529411764705882
1,4,1.77808219178082,0.0797308502936813,0.394736842105263,0.482758620689655,0.3,0.529411764705882
2,4,3.2,0.0725385032090637,0.394736842105263,0.482758620689655,0.3,0
2,2,0.96986301369863,0.0798434479543589,0.263157894736842,0.482758620689655,0.3,0
2,2,2.07123287671233,0.0798434479543589,0.263157894736842,0.482758620689655,0.3,0
2,3,2.77808219178082,0.0798434479543589,0.263157894736842,0.482758620689655,0.3,0
1,1,1.77808219178082,0.0798434479543589,0.263157894736842,0.482758620689655,0,0
3,3,0.975342465753425,0.0791362840882169,0.368421052631579,0.482758620689655,0.3,0.567567567567568
1,3,0.898630136986301,0.0791362840882169,0.342105263157895,0.482758620689655,0,0.246736292428198
3,3,0.794520547945205,0.0792125860866195,0.5,0.482758620689655,0.3,0.378
1,4,0.898630136986301,0.0792125860866195,0.5,0.482758620689655,0,0.309836065573771
1,3,2.27671232876712,0.0792125860866195,0.578947368421053,0.482758620689655,0,0
1,3,1.9013698630137,0.0792125860866195,0.578947368421053,0.482758620689655,0,0
1,1,2.6027397260274,0.0792125860866195,0.578947368421053,0.482758620689655,0,0
1,1,1,0.0792125860866195,0.578947368421053,0.482758620689655,0,0
1,3,0.898630136986301,0.0792125860866195,0.578947368421053,0.482758620689655,0,0
2,2,2.01643835616438,0.0792125860866195,0.447368421052632,0.655172413793103,0.3,0
2,3,3.83013698630137,0.0792125860866195,0.447368421052632,0.655172413793103,0.3,0
1,4,3.34794520547945,0.0792125860866195,0.447368421052632,0.482758620689655,0,0.392931392931393
4,4,0.753424657534247,0.0792125860866195,0.447368421052632,0.482758620689655,0,0.392931392931393
3,3,2.27671232876712,0.0792125860866195,0.447368421052632,0.482758620689655,0,0.113377324535093
3,3,0.794520547945205,0.0792125860866195,0.447368421052632,0.482758620689655,0,0.113377324535093
2,4,1.94794520547945,0.0792125860866195,0.447368421052632,0.482758620689655,0,0.139896373056995
3,3,2.27671232876712,0.0792125860866195,0.447368421052632,0.482758620689655,0,0.113377324535093
3,4,3.6027397260274,0.0792125860866195,0.447368421052632,0.482758620689655,0,0.113377324535093
5,5,0.23013698630137,0.079948860831238,0.342105263157895,0.482758620689655,0,0
1,1,1.07123287671233,0.079948860831238,0.394736842105263,0.482758620689655,0,0.621710526315789
1,1,2.53150684931507,0.079948860831238,0.394736842105263,0.482758620689655,0,0.621710526315789
3,3,3.6,0.079948860831238,0.394736842105263,0.482758620689655,0.3,0.0794117647058824
2,2,1.04657534246575,0.0173918675168584,0.421052631578947,0,0,0
2,2,0.728767123287671,0.0173918675168584,0.421052631578947,0,0,0
3,3,1.04109589041096,0.0173918675168584,0.421052631578947,0.482758620689655,0,0.529411764705882
3,3,0.975342465753425,0.0788281089073178,0.289473684210526,0.482758620689655,0.3,0
2,2,1.87671232876712,0.0659005132247199,0.315789473684211,0.482758620689655,0,0
2,2,0.93972602739726,0.0659005132247199,0.368421052631579,0.482758620689655,0,0.765182186234818
2,2,0.942465753424658,0.0821134340965804,0.289473684210526,0.482758620689655,0.3,0
2,2,1.87397260273973,0.0821134340965804,0.289473684210526,0.482758620689655,0.3,0
2,3,3.07123287671233,0.0821134340965804,0.289473684210526,0.482758620689655,0.3,0
2,2,0.93972602739726,0.0829288766423584,0.368421052631579,0.655172413793103,0.75,0.536931818181818
2,2,0.93972602739726,0.0829288766423584,0.236842105263158,0.655172413793103,0.75,0
2,2,0.93972602739726,0.0829288766423584,0.315789473684211,0.655172413793103,0.75,0.634228187919463
2,2,0.93972602739726,0.0829288766423584,0.315789473684211,0.655172413793103,0.75,0
1,3,3.80821917808219,0.0734536337851758,0.236842105263158,0.482758620689655,0,0.0315
2,2,1.78904109589041,0.0829599543807459,0.236842105263158,0.482758620689655,0,0.1512
2,2,1.89041095890411,0.0829599543807459,0.236842105263158,0.482758620689655,0,0.510810810810811
2,2,0.950684931506849,0.0829599543807459,0.315789473684211,0.482758620689655,0,0
2,2,0.950684931506849,0.0829599543807459,0.315789473684211,0.482758620689655,0,0
2,2,0.945205479452055,0.0820478585816099,0.236842105263158,0.482758620689655,0,0
2,2,1.9041095890411,0.0820478585816099,0.236842105263158,0.655172413793103,0.75,0.774590163934426
1,3,1.77808219178082,0.0825475896963144,0.315789473684211,0.482758620689655,0,0.315
3,3,0.901369863013699,0.0825475896963144,0.315789473684211,0.482758620689655,0,0.315
2,2,0.942465753424658,0.0659005132247199,0.131578947368421,0.482758620689655,0.3,0
2,2,1.01369863013699,0.0659005132247199,0.368421052631579,0.482758620689655,0,0
2,2,0.506849315068493,0.0825475896963144,0.210526315789474,0.482758620689655,0,0.423766816143498
2,2,0.93972602739726,0.0829288766423584,0.368421052631579,0.655172413793103,0.75,0.536931818181818
2,2,0.93972602739726,0.0829288766423584,0.236842105263158,0.655172413793103,0.75,0
2,2,0.93972602739726,0.0829288766423584,0.236842105263158,0.655172413793103,0.75,0
2,2,2.21369863013699,0.0829288766423584,0.236842105263158,0.655172413793103,0.75,0
2,2,0.93972602739726,0.0829288766423584,0.315789473684211,0.655172413793103,0.75,0
2,3,0.747945205479452,0.0829288766423584,0.368421052631579,0.482758620689655,0,0.034023402340234
2,3,0.747945205479452,0.0829288766423584,0.421052631578947,0.482758620689655,0,0.404710920770878
2,2,0.950684931506849,0.0829599543807459,0.315789473684211,0.482758620689655,0,0
2,2,0.950684931506849,0.0829599543807459,0.315789473684211,0.482758620689655,0,0
1,4,2.31780821917808,0.0829599543807459,0.315789473684211,0.655172413793103,0.75,0
2,2,0.945205479452055,0.0829599543807459,0.236842105263158,0.655172413793103,0.3,0
2,2,0.945205479452055,0.0820478585816099,0.236842105263158,0.482758620689655,0,0
3,3,1.9041095890411,0.0825475896963144,0.315789473684211,0.482758620689655,0,0.315
3,4,3.07123287671233,0.0701311613035736,0.236842105263158,0.482758620689655,0,0.887323943661972
1,4,3.18904109589041,0.0701311613035736,0.236842105263158,0.482758620689655,0,0.887323943661972
4,4,0.753424657534247,0.0701311613035736,0.236842105263158,0.482758620689655,0,0.679856115107914
1,1,0.901369863013699,0.0701311613035736,0.236842105263158,0.482758620689655,0,0
2,2,1.8,0.0825475896963144,0.315789473684211,0.482758620689655,0,0.517808219178082
4,4,0.767123287671233,0.0701311613035736,0.236842105263158,0.482758620689655,0,0.0378
2,2,1.8,0.0825475896963144,0.315789473684211,0.482758620689655,0,0.517808219178082
2,2,1.8,0.0701311613035736,0.236842105263158,0.482758620689655,0,0.679856115107914
2,2,3.70684931506849,0.0701311613035736,0.315789473684211,0.482758620689655,0,0
5,5,0.315068493150685,0.00780717667844322,0.342105263157895,0.482758620689655,0.3,0.442622950819672
4,5,0.471232876712329,0.00781848443318923,0.368421052631579,0.482758620689655,0.3,0.0907345175228036
4,5,0.471232876712329,0.00781848443318923,0.368421052631579,0.482758620689655,0.3,0.0907345175228036
4,4,0.227397260273973,0.00780717667844322,0.447368421052632,0.482758620689655,0.3,0.16637323943662
4,4,0.227397260273973,0.00780717667844322,0.447368421052632,0.482758620689655,0.3,0.756
4,4,0.227397260273973,0.00780717667844322,0.342105263157895,0.482758620689655,0,0.672597864768683
3,3,0.797260273972603,0.0333658250479867,0.421052631578947,0.482758620689655,0.3,0.212359550561798
3,4,3.09315068493151,0.0333658250479867,0.5,0.206896551724138,0,0
3,3,2,0.0333658250479867,0.5,0.206896551724138,0,0.1125
3,3,3.28219178082192,0.00781848443318923,0.210526315789474,0.482758620689655,0,0
3,3,0.819178082191781,0.0077992822029242,0.578947368421053,0.482758620689655,0,0
3,3,2.26575342465753,0.0077992822029242,0.578947368421053,0.482758620689655,0,0
3,3,0.819178082191781,0.00780717667844322,0.447368421052632,0.482758620689655,0.3,0.105882352941176
3,3,0.797260273972603,0.0337821504881151,0.394736842105263,0.482758620689655,0,0
3,3,2.17534246575342,0.00780717667844322,0.315789473684211,0.482758620689655,0.3,0
3,3,0.405479452054795,0.0333658250479867,0.421052631578947,0.482758620689655,0.3,0.212359550561798
3,3,2.28219178082192,0.0333658250479867,0.5,0.206896551724138,0,0.1125
3,3,3.14794520547945,0.024124577689493,0.421052631578947,0.482758620689655,0.3,0
3,3,2.12328767123288,0.024124577689493,0.421052631578947,0.482758620689655,0.3,0
3,3,0.276712328767123,0.024124577689493,0.421052631578947,0.482758620689655,0.3,0
3,3,0.791780821917808,0.024124577689493,0.421052631578947,0.482758620689655,0.3,0
3,3,1,0.024124577689493,0.421052631578947,0.482758620689655,0.3,0
3,3,2.42191780821918,0.024124577689493,0.421052631578947,0.482758620689655,0.3,0
3,3,0.931506849315068,0.024124577689493,0.421052631578947,0.482758620689655,0.3,0
3,3,0.898630136986301,0.024124577689493,0.421052631578947,0.482758620689655,0.3,0
3,3,0.805479452054795,0.024124577689493,0.421052631578947,0.482758620689655,0.3,0
3,3,1.22191780821918,0.024124577689493,0.421052631578947,0.482758620689655,0.3,0
3,3,0.0986301369863014,0.024124577689493,0.421052631578947,0.482758620689655,0.3,0
3,3,0.704109589041096,0.024124577689493,0.421052631578947,0.482758620689655,0.3,0
3,3,1.24657534246575,0.024124577689493,0.578947368421053,0.482758620689655,0.3,0
3,3,0.805479452054795,0.024124577689493,0.578947368421053,0.482758620689655,0.3,0
3,4,1,0.024124577689493,0.578947368421053,0.482758620689655,0.3,0.153658536585366
3,3,1.15616438356164,0.0238901158219591,0.578947368421053,0.655172413793103,0.75,0
3,3,0.405479452054795,0.0238901158219591,0.421052631578947,0.655172413793103,0.75,0.402127659574468
3,3,0.931506849315068,0.0238901158219591,0.421052631578947,0.655172413793103,0.75,0.402127659574468
3,3,0.898630136986301,0.0238901158219591,0.421052631578947,0.655172413793103,0.75,0.402127659574468
3,3,1.15616438356164,0.0238901158219591,0.421052631578947,0.655172413793103,0.75,0.478481012658228
3,3,2.27397260273973,0.0238901158219591,0.421052631578947,0.655172413793103,0.75,0.497368421052632
3,3,0.931506849315068,0.0238901158219591,0.421052631578947,0.655172413793103,0.75,0.497368421052632
3,3,0.898630136986301,0.0238901158219591,0.421052631578947,0.655172413793103,0.75,0.497368421052632
3,3,0.805479452054795,0.0238901158219591,0.421052631578947,0.655172413793103,0.75,0.497368421052632
3,3,0.306849315068493,0.0238901158219591,0.421052631578947,0.655172413793103,0.75,0.497368421052632
3,3,0.791780821917808,0.019797837351689,0.421052631578947,0.482758620689655,0.3,0
3,3,0.306849315068493,0.019797837351689,0.421052631578947,0.482758620689655,0.3,0
3,3,0.405479452054795,0.0185689554454456,0.578947368421053,0.482758620689655,0.3,0
3,3,0.276712328767123,0.0193586328022866,0.526315789473684,0.482758620689655,0.3,0
3,3,0.791780821917808,0.0193586328022866,0.526315789473684,0.482758620689655,0.3,0
3,3,0.306849315068493,0.0193586328022866,0.526315789473684,0.482758620689655,0.3,0
3,3,2.96712328767123,0.0193586328022866,0.526315789473684,0.482758620689655,0.3,0
3,3,1.03835616438356,0.0193586328022866,0.526315789473684,0.482758620689655,0.3,0
3,3,2.37808219178082,0.0193586328022866,0.526315789473684,0.482758620689655,0.3,0
3,3,1.14520547945205,0.0193586328022866,0.526315789473684,0.482758620689655,0.3,0.43448275862069
3,3,3.94246575342466,0.0112531084835305,0.315789473684211,0.482758620689655,0.3,0.23625
3,3,1.15068493150685,0.0112531084835305,0.315789473684211,0.482758620689655,0.3,0.23625
3,3,2.37260273972603,0.0112531084835305,0.578947368421053,0.482758620689655,0.3,0.4725
3,3,2.37260273972603,0.00891833762568404,0.578947368421053,0.482758620689655,0.3,0
3,4,2.16164383561644,0.0113397314272393,0.526315789473684,0.482758620689655,0.3,0.378
3,3,2.38082191780822,0.0113397314272393,0.526315789473684,0.482758620689655,0.3,0
3,3,1.01643835616438,0.0111384020245977,0.368421052631579,0.482758620689655,0.3,0
3,3,1.14520547945205,0.0111391860649746,0.578947368421053,0.482758620689655,0.3,0.130344827586207
3,4,1.01643835616438,0.0111391860649746,0.578947368421053,0.482758620689655,0.3,0.130344827586207
3,3,1.14520547945205,0.0111391860649746,0.578947368421053,0.482758620689655,0.3,0.130344827586207
3,4,1.01643835616438,0.0111681955589195,0.473684210526316,0.482758620689655,0.3,0
3,3,2.04383561643836,0.00781848443318923,0.578947368421053,0.482758620689655,0.3,0
3,3,3.73150684931507,0.00781848443318923,0.210526315789474,0.482758620689655,0,0
3,3,1.2,0.0077992822029242,0.552631578947368,0.482758620689655,0,0
3,3,2.85753424657534,0.0077992822029242,0.342105263157895,0.482758620689655,0,0
3,4,1.14794520547945,0.0077992822029242,0.342105263157895,0.482758620689655,0,0
3,3,1.94246575342466,0.0077992822029242,0.263157894736842,0.482758620689655,0,0.567567567567568
3,5,0.172602739726027,0.0077992822029242,0.263157894736842,0.482758620689655,0,0.567567567567568
3,3,2.02191780821918,0.0077992822029242,0.342105263157895,0.482758620689655,0,0.264705882352941
3,4,1.73698630136986,0.0077992822029242,0.342105263157895,0.482758620689655,0,0.264705882352941
3,3,0.747945205479452,0.0077992822029242,0.342105263157895,0.482758620689655,0,0.264705882352941
3,3,0.843835616438356,0.0077992822029242,0.263157894736842,0.482758620689655,0,0
3,3,1.95890410958904,0.0077992822029242,0.342105263157895,0.482758620689655,0,0.547826086956522
3,3,1.2,0.0077992822029242,0.447368421052632,0.482758620689655,0.3,0
3,3,0.821917808219178,0.0077992822029242,0.447368421052632,0.482758620689655,0.3,0
3,3,1.22739726027397,0.00782994764421686,0.289473684210526,0.482758620689655,0,0.3024
3,3,1.14246575342466,0.00782994764421686,0.289473684210526,0.482758620689655,0,0.3024
3,4,0.594520547945205,0.00782994764421686,0.289473684210526,0.482758620689655,0,0.3024
3,3,1.92602739726027,0.00780717667844322,0.447368421052632,0.482758620689655,0.3,0
3,3,0.805479452054795,0.00780717667844322,0.342105263157895,0.482758620689655,0,0.768292682926829
3,3,0.476712328767123,0.00780717667844322,0.342105263157895,0.482758620689655,0,0.768292682926829
3,3,0.263013698630137,0.0337821504881151,0.578947368421053,0.206896551724138,0,0
3,3,1.12602739726027,0.0337821504881151,0.578947368421053,0.206896551724138,0,0
3,3,3.38904109589041,0.0337821504881151,0.526315789473684,0.482758620689655,0,0
3,3,0.920547945205479,0.0337821504881151,0.526315789473684,0.482758620689655,0,0
3,3,1.08219178082192,0.0337821504881151,0.526315789473684,0.482758620689655,0,0
3,3,0.898630136986301,0.0337821504881151,0.526315789473684,0.482758620689655,0,0
3,3,1.12602739726027,0.0337821504881151,0.526315789473684,0.482758620689655,0,0
3,4,1.02191780821918,0.024124577689493,0.289473684210526,0.482758620689655,0.3,0
3,3,0.276712328767123,0.0212130031961,0.578947368421053,0.482758620689655,0.3,0
3,3,0.791780821917808,0.0212130031961,0.578947368421053,0.482758620689655,0.3,0
3,3,0.306849315068493,0.0212130031961,0.578947368421053,0.482758620689655,0.3,0
3,3,1.24657534246575,0.0212130031961,0.578947368421053,0.482758620689655,0.3,0
3,3,0.805479452054795,0.0212130031961,0.578947368421053,0.482758620689655,0.3,0
3,3,1.15616438356164,0.0212130031961,0.578947368421053,0.482758620689655,0.3,0
3,3,2.31232876712329,0.0238901158219591,0.578947368421053,0.482758620689655,0.3,0.525
3,3,0.961643835616438,0.0238901158219591,0.578947368421053,0.482758620689655,0.3,0.525
3,3,1.07945205479452,0.0238901158219591,0.578947368421053,0.482758620689655,0.3,0.525
3,3,0.898630136986301,0.0238901158219591,0.578947368421053,0.482758620689655,0.3,0.525
3,3,0.805479452054795,0.0238901158219591,0.578947368421053,0.482758620689655,0.3,0.525
3,3,0.279452054794521,0.0238901158219591,0.578947368421053,0.482758620689655,0.3,0.525
3,3,1.16164383561644,0.0238901158219591,0.578947368421053,0.655172413793103,0.75,0.525
3,4,1.02191780821918,0.0238901158219591,0.421052631578947,0.655172413793103,0.75,0.402127659574468
3,3,0.912328767123288,0.0238901158219591,0.315789473684211,0.655172413793103,0.75,0
3,4,1.02191780821918,0.0238901158219591,0.315789473684211,0.655172413793103,0.75,0
3,3,0.405479452054795,0.0238901158219591,0.421052631578947,0.655172413793103,0.75,0
3,3,0.931506849315068,0.0238901158219591,0.421052631578947,0.655172413793103,0.75,0
3,3,0.898630136986301,0.0238901158219591,0.421052631578947,0.655172413793103,0.75,0
3,3,0.805479452054795,0.0238901158219591,0.421052631578947,0.655172413793103,0.75,0
3,3,0.306849315068493,0.0238901158219591,0.421052631578947,0.655172413793103,0.75,0
3,3,0.912328767123288,0.0203583315956025,0.473684210526316,0.482758620689655,0.3,0
3,3,2.06575342465753,0.0203583315956025,0.473684210526316,0.482758620689655,0.3,0.100531914893617
3,4,2.04657534246575,0.0193586328022866,0.473684210526316,0.482758620689655,0.3,0
3,3,3.11232876712329,0.0193586328022866,0.526315789473684,0.482758620689655,0.3,0
3,3,2.86301369863014,0.0193586328022866,0.342105263157895,0.482758620689655,0.3,0
3,3,1.14520547945205,0.0193586328022866,0.342105263157895,0.482758620689655,0.3,0
3,4,1.1041095890411,0.0193586328022866,0.342105263157895,0.482758620689655,0.3,0
3,3,2.38082191780822,0.0113397314272393,0.578947368421053,0.482758620689655,0.3,0.23625
3,3,2.38082191780822,0.0113397314272393,0.5,0.482758620689655,0.3,0.252
3,3,2.38082191780822,0.0113397314272393,0.473684210526316,0.482758620689655,0.3,0.378
3,3,0.167123287671233,0.010901939502309,0.315789473684211,0.482758620689655,0.3,0.237437185929648
3,4,0.997260273972603,0.0111681955589195,0.342105263157895,0.482758620689655,0.3,0.402127659574468
3,3,0.90958904109589,0.0077992822029242,0.342105263157895,0.482758620689655,0,0.309836065573771
3,3,1.22739726027397,0.0077992822029242,0.5,0.482758620689655,0,0.460975609756098
3,3,0.90958904109589,0.0077992822029242,0.5,0.482758620689655,0,0.460975609756098
3,3,1.01643835616438,0.0077992822029242,0.289473684210526,0.482758620689655,0,0
3,3,1.22739726027397,0.0077992822029242,0.236842105263158,0.482758620689655,0,0.0378
3,3,1.01643835616438,0.0077992822029242,0.342105263157895,0.482758620689655,0,0
3,4,0.90958904109589,0.0077992822029242,0.263157894736842,0.482758620689655,0,0.408207343412527
3,3,1.2,0.0077992822029242,0.263157894736842,0.482758620689655,0,0.567567567567568
3,3,3.10958904109589,0.0077992822029242,0.263157894736842,0.482758620689655,0,0.567567567567568
3,3,1.92602739726027,0.0077992822029242,0.263157894736842,0.482758620689655,0,0.567567567567568
3,3,2.99178082191781,0.0077992822029242,0.263157894736842,0.482758620689655,0,0
3,3,2.99178082191781,0.0077992822029242,0.263157894736842,0.482758620689655,0,0
3,3,3.09041095890411,0.0077992822029242,0.263157894736842,0.482758620689655,0,0.28335832083958
3,4,0.802739726027397,0.0077992822029242,0.368421052631579,0.482758620689655,0,0
3,3,0.843835616438356,0.0077992822029242,0.263157894736842,0.482758620689655,0,0
3,3,1.22739726027397,0.00782994764421686,0.289473684210526,0.482758620689655,0,0.632107023411371
3,3,1.08767123287671,0.00782994764421686,0.289473684210526,0.482758620689655,0,0.632107023411371
3,3,0.906849315068493,0.00780717667844322,0.315789473684211,0.482758620689655,0.3,0
3,4,3.02191780821918,0.00780717667844322,0.315789473684211,0.482758620689655,0.3,0
3,4,1.02739726027397,0.00780717667844322,0.342105263157895,0.482758620689655,0,0.768292682926829
3,4,0.997260273972603,0.00780717667844322,0.447368421052632,0.482758620689655,0,0
3,4,0.813698630136986,0.0337821504881151,0.526315789473684,0.482758620689655,0,0.173873045078197
3,3,3.2027397260274,0.0337821504881151,0.289473684210526,0.482758620689655,0,0.135
3,3,1.07945205479452,0.0337821504881151,0.289473684210526,0.482758620689655,0,0.135
3,3,0.898630136986301,0.0337821504881151,0.289473684210526,0.482758620689655,0,0.135
3,3,1.12602739726027,0.0337821504881151,0.289473684210526,0.482758620689655,0,0.135
3,3,1.10684931506849,0.0337821504881151,0.289473684210526,0.482758620689655,0,0.135
3,3,1.08219178082192,0.0337821504881151,0.289473684210526,0.482758620689655,0,0.135
3,3,0.898630136986301,0.0337821504881151,0.289473684210526,0.482758620689655,0,0.135
3,3,1.12602739726027,0.0337821504881151,0.289473684210526,0.482758620689655,0,0.135
3,3,2.12328767123288,0.0337821504881151,0.526315789473684,0.482758620689655,0,0.00315
3,3,1.08219178082192,0.0337821504881151,0.526315789473684,0.482758620689655,0,0.00315
3,3,0.898630136986301,0.0337821504881151,0.526315789473684,0.482758620689655,0,0.00315
3,3,1.12602739726027,0.0337821504881151,0.526315789473684,0.482758620689655,0,0.00315
3,4,0.813698630136986,0.0337821504881151,0.526315789473684,0.482758620689655,0,0.173873045078197
3,3,3.2,0.0337821504881151,0.289473684210526,0.482758620689655,0,0.135
3,3,1.08219178082192,0.0337821504881151,0.289473684210526,0.482758620689655,0,0.135
3,3,0.898630136986301,0.0337821504881151,0.289473684210526,0.482758620689655,0,0.135
3,3,1.12602739726027,0.0337821504881151,0.289473684210526,0.482758620689655,0,0.135
2,2,1,0.024124577689493,0.421052631578947,0.482758620689655,0.3,0
2,2,2.27397260273973,0.024124577689493,0.421052631578947,0.482758620689655,0.3,0
2,2,1.07945205479452,0.024124577689493,0.421052631578947,0.482758620689655,0.3,0
2,2,0.898630136986301,0.024124577689493,0.421052631578947,0.482758620689655,0.3,0
2,3,1.12602739726027,0.024124577689493,0.421052631578947,0.482758620689655,0.3,0
2,4,0.246575342465753,0.0146866308219628,0.105263157894737,0.482758620689655,0.3,0
2,3,2.16164383561644,0.0146866308219628,0.105263157894737,0.482758620689655,0.3,0
2,3,3.2,0.0111384020245977,0.421052631578947,0.482758620689655,0.3,0
2,2,2.01643835616438,0.00780717667844322,0.289473684210526,0.482758620689655,0.3,0
2,2,1.14246575342466,0.00780717667844322,0.289473684210526,0.482758620689655,0.3,0
2,3,1.79178082191781,0.00780717667844322,0.289473684210526,0.482758620689655,0.3,0
2,2,0.243835616438356,0.00774143894822227,0.342105263157895,0.482758620689655,0.3,0
2,4,3.86027397260274,0.0111391860649746,0.105263157894737,0.482758620689655,0.3,0
2,2,0.956164383561644,0.0111391860649746,0.473684210526316,0.482758620689655,0.3,0.0378
2,2,0.243835616438356,0.0111681955589195,0.342105263157895,0.482758620689655,0.3,0.504
2,2,2.89315068493151,0.0111681955589195,0.342105263157895,0.482758620689655,0.3,0.504
2,4,0.243835616438356,0.0111681955589195,0.342105263157895,0.482758620689655,0.3,0.135
2,4,0.983561643835616,0.0111681955589195,0.368421052631579,0.482758620689655,0.3,0.126
2,3,3.2,0.0111681955589195,0.368421052631579,0.482758620689655,0.3,0
2,3,1.98082191780822,0.0111681955589195,0.342105263157895,0.482758620689655,0.3,0.43448275862069
2,2,1.97534246575342,0.0111681955589195,0.394736842105263,0.482758620689655,0.3,0
2,4,0.243835616438356,0.0111681955589195,0.394736842105263,0.482758620689655,0.3,0
2,4,0.983561643835616,0.0111572595474557,0.342105263157895,0.482758620689655,0.3,0
2,3,0.986301369863014,0.00781848443318923,0.210526315789474,0.482758620689655,0,0
2,2,3.86027397260274,0.00781848443318923,0.210526315789474,0.655172413793103,0.3,0
2,3,0.986301369863014,0.00781848443318923,0.210526315789474,0.655172413793103,0.3,0
2,3,1.14794520547945,0.0077992822029242,0.210526315789474,0.482758620689655,0,0
2,4,0.997260273972603,0.0077992822029242,0.578947368421053,0.482758620689655,0,0.153409090909091
2,4,0.243835616438356,0.0077992822029242,0.5,0.482758620689655,0,0
2,2,0.931506849315068,0.0077992822029242,0.236842105263158,0.482758620689655,0,0
2,2,2.59452054794521,0.0077992822029242,0.342105263157895,0.482758620689655,0,0.264705882352941
2,4,2.09041095890411,0.0077992822029242,0.342105263157895,0.482758620689655,0,0.264705882352941
2,2,0.931506849315068,0.0077992822029242,0.263157894736842,0.482758620689655,0,0.238035264483627
2,2,1.04657534246575,0.0077992822029242,0.263157894736842,0.482758620689655,0,0
2,2,0.931506849315068,0.0077992822029242,0.263157894736842,0.482758620689655,0,0
2,2,0.243835616438356,0.00782994764421686,0.342105263157895,0.482758620689655,0,0.744094488188976
2,2,2.59452054794521,0.00782994764421686,0.342105263157895,0.482758620689655,0,0.744094488188976
2,2,0.243835616438356,0.00782994764421686,0.342105263157895,0.482758620689655,0,0.744094488188976
2,2,0.23013698630137,0.00782994764421686,0.342105263157895,0.482758620689655,0,0.697416974169742
2,2,2.59452054794521,0.00782994764421686,0.342105263157895,0.482758620689655,0,0.697416974169742
2,2,0.23013698630137,0.00782994764421686,0.342105263157895,0.482758620689655,0,0.697416974169742
2,2,0.23013698630137,0.00782994764421686,0.368421052631579,0.482758620689655,0,0.651724137931035
2,2,0.23013698630137,0.00782994764421686,0.368421052631579,0.482758620689655,0,0.718631178707224
2,4,0.23013698630137,0.00782994764421686,0.289473684210526,0.655172413793103,0.3,1
2,2,0.23013698630137,0.00782994764421686,0.289473684210526,0.655172413793103,0.3,1
2,2,0.23013698630137,0.0078238240185146,0.263157894736842,0.655172413793103,0.3,0.510810810810811
2,4,0.227397260273973,0.00780717667844322,0.447368421052632,0.482758620689655,0.3,0.238035264483627
2,2,0.227397260273973,0.00780717667844322,0.447368421052632,0.482758620689655,0.3,0.59433962264151
2,2,1.86301369863014,0.00780717667844322,0.447368421052632,0.482758620689655,0.3,0.59433962264151
2,2,0.227397260273973,0.00780717667844322,0.157894736842105,0.482758620689655,0,0
2,2,0.227397260273973,0.00780717667844322,0.263157894736842,0.482758620689655,0,0.619672131147541
2,2,1.04657534246575,0.00780717667844322,0.342105263157895,0.482758620689655,0,0.392931392931393
2,4,3.86027397260274,0.00780717667844322,0.342105263157895,0.482758620689655,0.3,0
2,4,2.79452054794521,0.0337821504881151,0.289473684210526,0.482758620689655,0,0.0945
1,1,1.14794520547945,0.0333658250479867,0.421052631578947,0.482758620689655,0.3,0
1,1,3.78356164383562,0.0333658250479867,0.421052631578947,0.482758620689655,0.3,0
1,4,3.78356164383562,0.0333658250479867,0.5,0.206896551724138,0,0
1,3,3.78356164383562,0.0333658250479867,0.5,0.206896551724138,0,0
1,1,0.980821917808219,0.024124577689493,0.289473684210526,0.482758620689655,0.3,0
1,1,2.13150684931507,0.024124577689493,0.289473684210526,0.482758620689655,0.3,0
1,3,0.912328767123288,0.024124577689493,0.289473684210526,0.482758620689655,0.3,0
1,3,3.10958904109589,0.024124577689493,0.421052631578947,0.482758620689655,0.3,0
1,1,1.15616438356164,0.0238901158219591,0.315789473684211,0.655172413793103,0.75,0.397058823529412
1,1,0.731506849315068,0.0112531084835305,0.315789473684211,0.482758620689655,0.3,0.23625
1,1,2.13150684931507,0.0112531084835305,0.473684210526316,0.482758620689655,0.3,0.233333333333333
1,1,3.94246575342466,0.0112531084835305,0.473684210526316,0.482758620689655,0.3,0.233333333333333
1,1,1.15068493150685,0.0112531084835305,0.473684210526316,0.482758620689655,0.3,0.233333333333333
1,1,0.947945205479452,0.0112531084835305,0.578947368421053,0.482758620689655,0.3,0.4725
1,1,0.819178082191781,0.00781848443318923,0.210526315789474,0.482758620689655,0,0
1,3,0.819178082191781,0.0077992822029242,0.342105263157895,0.482758620689655,0,0
1,1,0.819178082191781,0.00782994764421686,0.289473684210526,0.482758620689655,0,0.381818181818182
1,1,0.819178082191781,0.00782994764421686,0.289473684210526,0.482758620689655,0,0.109628770301624
1,4,3.28219178082192,0.00782994764421686,0.289473684210526,0.482758620689655,0,0.109628770301624
1,1,3.78356164383562,0.0333658250479867,0.421052631578947,0.482758620689655,0.3,0.212359550561798
1,4,3.78356164383562,0.0333658250479867,0.5,0.206896551724138,0,0
1,3,3.11232876712329,0.024124577689493,0.289473684210526,0.482758620689655,0.3,0
1,3,1.94794520547945,0.0212130031961,0.578947368421053,0.482758620689655,0.3,0
1,3,1.15616438356164,0.0238901158219591,0.315789473684211,0.655172413793103,0.75,0
1,1,1.95068493150685,0.0203583315956025,0.421052631578947,0.482758620689655,0.3,0
1,4,2.06575342465753,0.0203583315956025,0.473684210526316,0.482758620689655,0.3,0.100531914893617
1,1,3.94246575342466,0.0193586328022866,0.342105263157895,0.482758620689655,0.3,0
1,1,1.15068493150685,0.0193586328022866,0.342105263157895,0.482758620689655,0.3,0
1,1,1.16164383561644,0.0112531084835305,0.473684210526316,0.482758620689655,0.3,0
1,1,3.94246575342466,0.0112531084835305,0.473684210526316,0.482758620689655,0.3,0
1,3,2.06301369863014,0.0112531084835305,0.473684210526316,0.482758620689655,0.3,0
1,3,2.37260273972603,0.0112531084835305,0.342105263157895,0.482758620689655,0.3,0.23625
1,1,2.99178082191781,0.0113607720970087,0.473684210526316,0.482758620689655,0.3,0.128571428571429
1,3,3.07945205479452,0.0113607720970087,0.473684210526316,0.482758620689655,0.3,0.128571428571429
1,1,2.16986301369863,0.0111681955589195,0.342105263157895,0.482758620689655,0.3,0.315
1,4,1.2,0.0077992822029242,0.289473684210526,0.482758620689655,0,0.67741935483871
1,1,2.17534246575342,0.00780717667844322,0.157894736842105,0.482758620689655,0,0.55425219941349
3,3,1.15616438356164,0.066165106575014,0.263157894736842,0.482758620689655,0,0
3,4,1.04383561643836,0.066165106575014,0.263157894736842,0.482758620689655,0,0
3,3,1.10684931506849,0.066165106575014,0.263157894736842,0.482758620689655,0,0
3,3,3.2,0.066165106575014,0.263157894736842,0.482758620689655,0,0
3,3,0.997260273972603,0.066165106575014,0.263157894736842,0.482758620689655,0,0
3,3,0.778082191780822,0.066165106575014,0.263157894736842,0.482758620689655,0,0
3,3,2.12054794520548,0.066165106575014,0.263157894736842,0.482758620689655,0,0.124752475247525
3,3,0.778082191780822,0.066165106575014,0.263157894736842,0.482758620689655,0,0
1,1,1.05205479452055,0.066165106575014,0.263157894736842,0.482758620689655,0,0.181381957773512
1,4,1.05479452054795,0.066165106575014,0.342105263157895,0.482758620689655,0,0
3,3,2.28493150684932,0.066165106575014,0.342105263157895,0.482758620689655,0,0
3,3,1.07671232876712,0.066165106575014,0.342105263157895,0.482758620689655,0,0
3,3,0.904109589041096,0.066165106575014,0.342105263157895,0.482758620689655,0,0
3,3,3.8027397260274,0.066165106575014,0.342105263157895,0.482758620689655,0,0
3,3,3.23013698630137,0.066165106575014,0.342105263157895,0.482758620689655,0,0
3,3,3.2,0.066165106575014,0.342105263157895,0.482758620689655,0,0
3,3,0.301369863013699,0.066165106575014,0.342105263157895,0.482758620689655,0,0
3,3,1.07671232876712,0.066165106575014,0.342105263157895,0.482758620689655,0,0
3,3,0.904109589041096,0.066165106575014,0.342105263157895,0.482758620689655,0,0
3,3,1.07671232876712,0.066165106575014,0.342105263157895,0.482758620689655,0,0
3,3,3.08493150684932,0.066165106575014,0.342105263157895,0.482758620689655,0,0
1,1,2.03287671232877,0.066165106575014,0.342105263157895,0.482758620689655,0,0.378
3,4,0.997260273972603,0.066165106575014,0.342105263157895,0.482758620689655,0,0.378
1,3,0.778082191780822,0.066165106575014,0.342105263157895,0.482758620689655,0,0.132260321903429
1,3,3.23013698630137,0.066165106575014,0.342105263157895,0.482758620689655,0,0.132260321903429
3,3,0.301369863013699,0.066165106575014,0.342105263157895,0.482758620689655,0,0.0945
3,3,1.07671232876712,0.066165106575014,0.342105263157895,0.482758620689655,0,0.0945
3,3,0.904109589041096,0.066165106575014,0.342105263157895,0.482758620689655,0,0.0945
3,3,2.90684931506849,0.066165106575014,0.342105263157895,0.482758620689655,0,0.0945
1,1,1.15616438356164,0.066165106575014,0.342105263157895,0.482758620689655,0,0.0945
1,2,1.6027397260274,0.066165106575014,0.342105263157895,0.482758620689655,0,0.0945
3,3,0.301369863013699,0.066165106575014,0.263157894736842,0.655172413793103,0.3,0
3,3,1.07671232876712,0.066165106575014,0.263157894736842,0.655172413793103,0.3,0
3,3,0.904109589041096,0.066165106575014,0.263157894736842,0.655172413793103,0.3,0
3,3,2.28493150684932,0.066165106575014,0.263157894736842,0.655172413793103,0.3,0
3,3,1.07671232876712,0.066165106575014,0.263157894736842,0.655172413793103,0.3,0
3,3,0.904109589041096,0.066165106575014,0.263157894736842,0.655172413793103,0.3,0
3,3,3.2,0.066165106575014,0.263157894736842,0.655172413793103,0.3,0
3,3,1.2027397260274,0.0658833995158037,0.421052631578947,0.655172413793103,0.3,0.994736842105263
3,3,1.07671232876712,0.0658833995158037,0.421052631578947,0.655172413793103,0.3,0.994736842105263
3,3,1.08219178082192,0.0658833995158037,0.421052631578947,0.655172413793103,0.3,0.994736842105263
3,3,0.904109589041096,0.0658833995158037,0.421052631578947,0.655172413793103,0.3,0.994736842105263
3,3,3.2,0.0658833995158037,0.421052631578947,0.655172413793103,0.3,0.994736842105263
3,3,3.71506849315068,0.0658833995158037,0.421052631578947,0.482758620689655,0,0.994736842105263
3,3,1.30958904109589,0.0658833995158037,0.421052631578947,0.482758620689655,0,0.994736842105263
3,3,2.23287671232877,0.0658833995158037,0.421052631578947,0.482758620689655,0,0.004725
3,3,2.28767123287671,0.0658833995158037,0.421052631578947,0.482758620689655,0,0.994736842105263
3,3,1.07671232876712,0.0658833995158037,0.421052631578947,0.482758620689655,0,0.994736842105263
3,3,0.904109589041096,0.0658833995158037,0.421052631578947,0.482758620689655,0,0.994736842105263
3,3,3.2,0.0658833995158037,0.421052631578947,0.482758620689655,0,0.994736842105263
3,3,2.23287671232877,0.0658833995158037,0.421052631578947,0.482758620689655,0,0
3,3,0.246575342465753,0.0662837197178936,0.210526315789474,0.655172413793103,0.3,0
3,3,0.756164383561644,0.0662837197178936,0.210526315789474,0.655172413793103,0.3,0
3,3,1.03287671232877,0.0671650148963616,0.368421052631579,0.482758620689655,0,0.120921305182342
3,3,0.93972602739726,0.0671650148963616,0.368421052631579,0.482758620689655,0,0.120921305182342
3,3,1.87123287671233,0.0671650148963616,0.368421052631579,0.482758620689655,0,0.120921305182342
3,3,1.04383561643836,0.0671650148963616,0.368421052631579,0.482758620689655,0,0.120921305182342
3,3,3.2,0.0671650148963616,0.368421052631579,0.482758620689655,0,0.120921305182342
2,4,2.98630136986301,0.0671650148963616,0.368421052631579,0.482758620689655,0,0.0378
3,3,2.27671232876712,0.0671650148963616,0.368421052631579,0.482758620689655,0,0.0378
3,3,1.16986301369863,0.0671650148963616,0.368421052631579,0.482758620689655,0,0.0378
3,3,0.698630136986301,0.0671650148963616,0.368421052631579,0.482758620689655,0,0.0378
3,3,2.8958904109589,0.0671650148963616,0.368421052631579,0.482758620689655,0,0.0378
3,4,1.99452054794521,0.0671650148963616,0.368421052631579,0.482758620689655,0,0.0378
3,3,2.28219178082192,0.0671650148963616,0.368421052631579,0.482758620689655,0,0.0340172786177106
2,3,3.16712328767123,0.0671650148963616,0.368421052631579,0.482758620689655,0,0.0340172786177106
3,3,1.89041095890411,0.0671650148963616,0.368421052631579,0.482758620689655,0,0.0340172786177106
3,3,0.780821917808219,0.0671650148963616,0.368421052631579,0.482758620689655,0,0.0340172786177106
1,3,1.7013698630137,0.0671650148963616,0.315789473684211,0.482758620689655,0,0
3,3,1.15616438356164,0.0671650148963616,0.315789473684211,0.482758620689655,0,0
3,3,0.780821917808219,0.0671650148963616,0.315789473684211,0.482758620689655,0,0
3,3,2.28219178082192,0.0671650148963616,0.315789473684211,0.482758620689655,0,0
3,3,2.80821917808219,0.0671650148963616,0.315789473684211,0.482758620689655,0,0
3,3,1.07945205479452,0.0671650148963616,0.315789473684211,0.655172413793103,0.3,0
3,3,0.901369863013699,0.0671650148963616,0.315789473684211,0.655172413793103,0.3,0
3,3,3.1972602739726,0.0671650148963616,0.315789473684211,0.655172413793103,0.3,0
4,5,0.134246575342466,0.0671650148963616,0.315789473684211,0.655172413793103,0.3,0
3,3,0.241095890410959,0.0671650148963616,0.315789473684211,0.655172413793103,0.3,0
3,3,0.0849315068493151,0.0671650148963616,0.315789473684211,0.655172413793103,0.3,0
3,3,0.901369863013699,0.0671650148963616,0.315789473684211,0.655172413793103,0.3,0
1,4,0.780821917808219,0.0671650148963616,0.368421052631579,0.655172413793103,0.3,0.063231850117096
3,3,0.901369863013699,0.0671650148963616,0.368421052631579,0.655172413793103,0.3,0.063231850117096
3,3,3.19452054794521,0.0671650148963616,0.368421052631579,0.655172413793103,0.3,0.063231850117096
3,3,0.0849315068493151,0.0664319371439696,0.421052631578947,0.655172413793103,0.3,0
3,3,0.901369863013699,0.0664319371439696,0.421052631578947,0.655172413793103,0.3,0
2,2,2.28767123287671,0.0664319371439696,0.421052631578947,0.655172413793103,0.3,0
3,3,1.07397260273973,0.0664319371439696,0.421052631578947,0.655172413793103,0.3,0
3,3,0.901369863013699,0.0664319371439696,0.421052631578947,0.655172413793103,0.3,0
2,3,3.2,0.0664319371439696,0.421052631578947,0.655172413793103,0.3,0
3,4,1.89041095890411,0.065939032587719,0.368421052631579,0.655172413793103,0.3,0.0669026548672566
3,4,2.00547945205479,0.065939032587719,0.368421052631579,0.655172413793103,0.3,0.0669026548672566
3,3,0.402739726027397,0.065939032587719,0.368421052631579,0.482758620689655,0,0.0378
2,5,3.15616438356164,0.065939032587719,0.263157894736842,0.482758620689655,0,0.0245709828393136
1,1,0.780821917808219,0.065939032587719,0.263157894736842,0.482758620689655,0,0.0245709828393136
2,5,0.317808219178082,0.065939032587719,0.421052631578947,0.655172413793103,0.3,0
1,3,1.77808219178082,0.066165106575014,0.368421052631579,0.482758620689655,0,0
1,1,3.09315068493151,0.066165106575014,0.368421052631579,0.482758620689655,0,0
3,3,2.12054794520548,0.066165106575014,0.263157894736842,0.482758620689655,0,0
3,3,1.97808219178082,0.066165106575014,0.263157894736842,0.482758620689655,0,0
3,3,0.706849315068493,0.066165106575014,0.263157894736842,0.482758620689655,0,0
3,3,1.07671232876712,0.066165106575014,0.263157894736842,0.482758620689655,0,0
3,3,3.08493150684932,0.066165106575014,0.263157894736842,0.482758620689655,0,0
3,3,1.93698630136986,0.066165106575014,0.263157894736842,0.482758620689655,0,0
3,3,1.77808219178082,0.066165106575014,0.263157894736842,0.482758620689655,0,0
3,3,1.45205479452055,0.066165106575014,0.263157894736842,0.482758620689655,0,0.181381957773512
3,4,1,0.066165106575014,0.263157894736842,0.482758620689655,0,0.181381957773512
3,3,1.15616438356164,0.066165106575014,0.263157894736842,0.482758620689655,0,0
3,4,1.04383561643836,0.066165106575014,0.263157894736842,0.482758620689655,0,0
1,3,0.778082191780822,0.066165106575014,0.263157894736842,0.482758620689655,0,0
3,3,0.301369863013699,0.066165106575014,0.263157894736842,0.482758620689655,0,0
3,3,1.07671232876712,0.066165106575014,0.263157894736842,0.482758620689655,0,0
3,3,0.904109589041096,0.066165106575014,0.263157894736842,0.482758620689655,0,0
3,3,2.90684931506849,0.066165106575014,0.263157894736842,0.482758620689655,0,0
3,3,2.67123287671233,0.066165106575014,0.263157894736842,0.482758620689655,0,0
3,3,1.05205479452055,0.066165106575014,0.263157894736842,0.482758620689655,0,0.234491315136476
1,1,1.93698630136986,0.066165106575014,0.342105263157895,0.482758620689655,0,0
1,3,3.23013698630137,0.066165106575014,0.342105263157895,0.482758620689655,0,0
1,3,2.27945205479452,0.066165106575014,0.342105263157895,0.482758620689655,0,0
3,3,0.301369863013699,0.066165106575014,0.342105263157895,0.482758620689655,0,0
3,3,1.07671232876712,0.066165106575014,0.342105263157895,0.482758620689655,0,0
3,3,0.904109589041096,0.066165106575014,0.342105263157895,0.482758620689655,0,0
2,2,1,0.066165106575014,0.342105263157895,0.482758620689655,0,0
3,3,0.997260273972603,0.066165106575014,0.342105263157895,0.482758620689655,0,0.378
3,3,1.04383561643836,0.066165106575014,0.263157894736842,0.655172413793103,0.3,0
3,3,1.15616438356164,0.066165106575014,0.263157894736842,0.655172413793103,0.3,0
3,3,2.12054794520548,0.066165106575014,0.263157894736842,0.655172413793103,0.3,0
3,3,1.07671232876712,0.066165106575014,0.263157894736842,0.655172413793103,0.3,0
3,3,0.904109589041096,0.066165106575014,0.263157894736842,0.655172413793103,0.3,0
1,4,2.17808219178082,0.0658833995158037,0.421052631578947,0.655172413793103,0.3,0.994736842105263
4,5,0.295890410958904,0.0658833995158037,0.421052631578947,0.655172413793103,0.75,0.994736842105263
1,3,1.77808219178082,0.0658833995158037,0.421052631578947,0.655172413793103,0.3,0
1,1,0.778082191780822,0.0658833995158037,0.421052631578947,0.482758620689655,0,0
2,2,1.15068493150685,0.0658833995158037,0.421052631578947,0.482758620689655,0,0.994736842105263
5,5,0.320547945205479,0.0658833995158037,0.421052631578947,0.482758620689655,0,0.994736842105263
1,3,1.77808219178082,0.0658833995158037,0.421052631578947,0.482758620689655,0,0.994736842105263
3,3,2.28493150684932,0.0658833995158037,0.421052631578947,0.482758620689655,0,0.004725
3,3,1.07671232876712,0.0658833995158037,0.421052631578947,0.482758620689655,0,0.004725
3,3,0.904109589041096,0.0658833995158037,0.421052631578947,0.482758620689655,0,0.004725
3,3,0.706849315068493,0.0658833995158037,0.421052631578947,0.482758620689655,0,0.004725
3,3,3.2,0.0658833995158037,0.421052631578947,0.482758620689655,0,0.004725
3,4,1.05205479452055,0.0658833995158037,0.421052631578947,0.482758620689655,0,0.994736842105263
3,4,3.23013698630137,0.0658833995158037,0.421052631578947,0.482758620689655,0,0
2,4,1.07945205479452,0.0658833995158037,0.421052631578947,0.655172413793103,0.3,0.63
2,4,0.953424657534247,0.0662837197178936,0.263157894736842,0.655172413793103,0.3,0.63
2,2,1.15068493150685,0.0662837197178936,0.421052631578947,0.655172413793103,0.3,0.389690721649485
2,2,0.882191780821918,0.0662837197178936,0.421052631578947,0.655172413793103,0.3,0.389690721649485
2,2,3.05479452054795,0.0662837197178936,0.421052631578947,0.655172413793103,0.3,0
5,5,0.728767123287671,0.0662837197178936,0.421052631578947,0.655172413793103,0.3,0
3,4,1.08219178082192,0.0662837197178936,0.210526315789474,0.655172413793103,0.3,0
3,4,1.01369863013699,0.0662837197178936,0.210526315789474,0.655172413793103,0.3,0
1,1,1.04383561643836,0.0662837197178936,0.210526315789474,0.655172413793103,0.3,0
3,3,0.241095890410959,0.0662837197178936,0.210526315789474,0.655172413793103,0.3,0
3,3,0.761643835616438,0.0662837197178936,0.210526315789474,0.655172413793103,0.3,0
1,1,0.780821917808219,0.0671650148963616,0.289473684210526,0.482758620689655,0,0.181381957773512
1,1,0.780821917808219,0.0671650148963616,0.368421052631579,0.482758620689655,0,0.124752475247525
1,1,1.45205479452055,0.0671650148963616,0.368421052631579,0.482758620689655,0,0.124752475247525
3,4,1.15616438356164,0.0671650148963616,0.368421052631579,0.482758620689655,0,0.120921305182342
3,3,0.0849315068493151,0.0671650148963616,0.368421052631579,0.482758620689655,0,0.0378
3,3,0.901369863013699,0.0671650148963616,0.368421052631579,0.482758620689655,0,0.0378
3,3,1.16986301369863,0.0671650148963616,0.368421052631579,0.482758620689655,0,0.0378
3,3,0.698630136986301,0.0671650148963616,0.368421052631579,0.482758620689655,0,0.0378
3,3,1.04383561643836,0.0671650148963616,0.368421052631579,0.482758620689655,0,0.0378
3,3,0.0849315068493151,0.0671650148963616,0.368421052631579,0.482758620689655,0,0.0378
3,3,0.901369863013699,0.0671650148963616,0.368421052631579,0.482758620689655,0,0.0378
3,4,2.93150684931507,0.0671650148963616,0.368421052631579,0.482758620689655,0,0.0378
3,3,0.301369863013699,0.0671650148963616,0.368421052631579,0.482758620689655,0,0
3,3,0.0849315068493151,0.0671650148963616,0.368421052631579,0.482758620689655,0,0
3,3,1.03287671232877,0.0671650148963616,0.368421052631579,0.482758620689655,0,0
3,3,0.93972602739726,0.0671650148963616,0.368421052631579,0.482758620689655,0,0
3,3,3.71506849315068,0.0671650148963616,0.368421052631579,0.482758620689655,0,0
3,3,1.07945205479452,0.0671650148963616,0.368421052631579,0.482758620689655,0,0.0340172786177106
3,3,0.915068493150685,0.0671650148963616,0.368421052631579,0.482758620689655,0,0.0340172786177106
3,3,0.901369863013699,0.0671650148963616,0.368421052631579,0.482758620689655,0,0.0340172786177106
3,3,3.19452054794521,0.0671650148963616,0.368421052631579,0.482758620689655,0,0.0340172786177106
3,3,0.301369863013699,0.0671650148963616,0.368421052631579,0.482758620689655,0,0.0378
3,3,1.03287671232877,0.0671650148963616,0.368421052631579,0.482758620689655,0,0.0378
3,3,0.93972602739726,0.0671650148963616,0.368421052631579,0.482758620689655,0,0.0378
3,3,2.28767123287671,0.0671650148963616,0.368421052631579,0.482758620689655,0,0.0378
3,3,0.915068493150685,0.0671650148963616,0.368421052631579,0.482758620689655,0,0.0378
3,3,1.07397260273973,0.0671650148963616,0.368421052631579,0.482758620689655,0,0.0378
3,3,0.901369863013699,0.0671650148963616,0.368421052631579,0.482758620689655,0,0.0378
3,3,1.07945205479452,0.0671650148963616,0.368421052631579,0.482758620689655,0,0.0378
3,3,2.91232876712329,0.0671650148963616,0.368421052631579,0.482758620689655,0,0.0378
3,3,3.19452054794521,0.0671650148963616,0.368421052631579,0.482758620689655,0,0.0378
1,3,2.85753424657534,0.0671650148963616,0.368421052631579,0.482758620689655,0,0.0378
3,4,2.93150684931507,0.0671650148963616,0.368421052631579,0.482758620689655,0,0.0378
1,4,2.2,0.0671650148963616,0.315789473684211,0.482758620689655,0,0.0378
3,3,2.28767123287671,0.0671650148963616,0.315789473684211,0.482758620689655,0,0.0378
3,3,0.986301369863014,0.0671650148963616,0.315789473684211,0.482758620689655,0,0.0378
3,3,0.0876712328767123,0.0671650148963616,0.315789473684211,0.482758620689655,0,0.0378
3,3,0.898630136986301,0.0671650148963616,0.315789473684211,0.482758620689655,0,0.0378
3,3,3.2,0.0671650148963616,0.315789473684211,0.482758620689655,0,0.0378
3,3,0.241095890410959,0.0671650148963616,0.315789473684211,0.482758620689655,0,0.0378
3,3,0.761643835616438,0.0671650148963616,0.315789473684211,0.482758620689655,0,0.0378
3,3,0.780821917808219,0.0671650148963616,0.315789473684211,0.482758620689655,0,0
3,3,2.93150684931507,0.0671650148963616,0.315789473684211,0.482758620689655,0,0
3,3,1.07397260273973,0.0671650148963616,0.315789473684211,0.482758620689655,0,0.06048
3,3,0.901369863013699,0.0671650148963616,0.315789473684211,0.482758620689655,0,0.06048
3,3,0.915068493150685,0.0671650148963616,0.315789473684211,0.482758620689655,0,0.06048
3,3,3.19452054794521,0.0671650148963616,0.315789473684211,0.482758620689655,0,0.06048
3,3,0.241095890410959,0.0671650148963616,0.315789473684211,0.482758620689655,0,0.0378
3,3,0.761643835616438,0.0671650148963616,0.315789473684211,0.482758620689655,0,0.0378
1,3,2.85753424657534,0.0671650148963616,0.315789473684211,0.482758620689655,0,0.0378
3,4,3.71506849315068,0.0671650148963616,0.315789473684211,0.482758620689655,0,0.0378
3,3,0.780821917808219,0.0671650148963616,0.315789473684211,0.482758620689655,0,0.109628770301624
3,3,0.780821917808219,0.0671650148963616,0.315789473684211,0.482758620689655,0,0.109628770301624
3,3,3.71506849315068,0.0671650148963616,0.315789473684211,0.482758620689655,0,0.105882352941176
1,3,2.85753424657534,0.0671650148963616,0.315789473684211,0.482758620689655,0,0.105882352941176
1,1,1.28767123287671,0.0671650148963616,0.315789473684211,0.482758620689655,0,0.0869365225390984
1,4,2.85753424657534,0.0671650148963616,0.315789473684211,0.482758620689655,0,0.0869365225390984
1,3,1.15616438356164,0.0671650148963616,0.315789473684211,0.482758620689655,0,0.0869365225390984
3,4,2.93150684931507,0.0671650148963616,0.315789473684211,0.482758620689655,0,0.0869365225390984
1,1,0.780821917808219,0.0671650148963616,0.315789473684211,0.482758620689655,0,0
3,4,1.07945205479452,0.0671650148963616,0.315789473684211,0.482758620689655,0,0
1,3,0.986301369863014,0.0671650148963616,0.315789473684211,0.482758620689655,0,0
3,3,0.780821917808219,0.0671650148963616,0.315789473684211,0.482758620689655,0,0.0680345572354212
3,3,0.780821917808219,0.0671650148963616,0.315789473684211,0.482758620689655,0,0
3,3,3.71506849315068,0.0671650148963616,0.315789473684211,0.655172413793103,0.3,0
3,3,0.241095890410959,0.0671650148963616,0.315789473684211,0.655172413793103,0.3,0.0463235294117647
1,1,2.23561643835616,0.0664319371439696,0.421052631578947,0.482758620689655,0,0
1,1,0.780821917808219,0.065939032587719,0.368421052631579,0.655172413793103,0.3,0.63
3,3,0.241095890410959,0.065939032587719,0.368421052631579,0.655172413793103,0.3,0.000945
3,3,0.761643835616438,0.065939032587719,0.368421052631579,0.655172413793103,0.3,0.000945
1,3,0.780821917808219,0.065939032587719,0.368421052631579,0.655172413793103,0.3,0.0315
3,3,0.780821917808219,0.065939032587719,0.368421052631579,0.655172413793103,0.3,0.0669026548672566
1,3,3.18630136986301,0.065939032587719,0.263157894736842,0.482758620689655,0,0.0245709828393136
1,1,0.780821917808219,0.065939032587719,0.263157894736842,0.482758620689655,0,0.0245709828393136
1,3,1.7013698630137,0.065939032587719,0.263157894736842,0.482758620689655,0,0
3,3,1.07397260273973,0.065939032587719,0.263157894736842,0.482758620689655,0,0
3,3,3.07945205479452,0.065939032587719,0.263157894736842,0.482758620689655,0,0
3,4,1.07945205479452,0.065939032587719,0.263157894736842,0.482758620689655,0,0.0264594708105838
3,3,2.28767123287671,0.065939032587719,0.263157894736842,0.482758620689655,0,0.0340172786177106
3,3,0.901369863013699,0.065939032587719,0.263157894736842,0.482758620689655,0,0.0340172786177106
3,3,1.87123287671233,0.065939032587719,0.263157894736842,0.482758620689655,0,0.0340172786177106
3,3,1.07397260273973,0.065939032587719,0.263157894736842,0.482758620689655,0,0.0340172786177106
3,3,3.2,0.065939032587719,0.263157894736842,0.482758620689655,0,0.0340172786177106
3,4,2.00547945205479,0.065939032587719,0.421052631578947,0.655172413793103,0.3,0
3,3,1.04383561643836,0.065939032587719,0.263157894736842,0.655172413793103,0.3,0
3,3,2.67397260273973,0.065939032587719,0.263157894736842,0.655172413793103,0.3,0
3,3,2.12328767123288,0.065939032587719,0.263157894736842,0.655172413793103,0.3,0
1,1,2.23561643835616,0.065939032587719,0.421052631578947,0.655172413793103,0.75,0.128571428571429
3,3,0.301369863013699,0.065939032587719,0.394736842105263,0.655172413793103,0.75,0
3,3,1.07397260273973,0.065939032587719,0.394736842105263,0.655172413793103,0.75,0
3,3,0.901369863013699,0.065939032587719,0.394736842105263,0.655172413793103,0.75,0
3,3,1.10684931506849,0.065939032587719,0.394736842105263,0.655172413793103,0.75,0
3,3,2.68767123287671,0.065939032587719,0.394736842105263,0.655172413793103,0.75,0
3,3,0.241095890410959,0.065939032587719,0.394736842105263,0.482758620689655,0,0
3,3,0.761643835616438,0.065939032587719,0.394736842105263,0.482758620689655,0,0
2,5,1.9972602739726,0.066165106575014,0.342105263157895,0.482758620689655,0,0.132260321903429
4,5,0.208219178082192,0.274756723761298,0.263157894736842,0.655172413793103,0.3,0.128309572301426
2,2,2.0986301369863,0.274756723761298,0.263157894736842,0.655172413793103,0.3,0.128309572301426
2,2,1.93698630136986,0.274826780472561,0.578947368421053,0.655172413793103,0.3,0.199367088607595
2,2,0.347945205479452,0.274826780472561,0.578947368421053,0.655172413793103,0.3,0.199367088607595
4,5,0.328767123287671,0.274826780472561,0.578947368421053,0.655172413793103,0.3,0.199367088607595
2,4,3.7013698630137,0.274826780472561,0.421052631578947,0.655172413793103,0.3,0
1,1,0.520547945205479,0.264785027889263,0.578947368421053,0.482758620689655,0.3,0
1,2,1.29041095890411,0.264785027889263,0.578947368421053,0.482758620689655,0.3,0
4,5,0.638356164383562,0.264785027889263,0.578947368421053,0.482758620689655,0.3,0
1,3,0.520547945205479,0.117677823263835,0.5,0.482758620689655,0,0.04725
1,1,0.520547945205479,0.117677823263835,0.315789473684211,0.482758620689655,0.3,0.0994736842105263
1,3,0.934246575342466,0.117677823263835,0.315789473684211,0.482758620689655,0.3,0.132352941176471
1,1,0.520547945205479,0.117677823263835,0.315789473684211,0.482758620689655,0.3,0
1,3,0.934246575342466,0.117677823263835,0.315789473684211,0.482758620689655,0.3,0.034023402340234
3,3,2.72602739726027,0.117677823263835,0.315789473684211,0.482758620689655,0.3,0.189
1,3,3.8986301369863,0.117677823263835,0.315789473684211,0.482758620689655,0.3,0.189
3,3,2.87671232876712,0.117677823263835,0.315789473684211,0.482758620689655,0.3,0.189
1,3,3.12602739726027,0.117677823263835,0.315789473684211,0.482758620689655,0.3,0
1,1,0.520547945205479,0.117677823263835,0.315789473684211,0.482758620689655,0.3,0
3,3,0.975342465753425,0.117677823263835,0.5,0.655172413793103,0.3,0.756
3,4,0.391780821917808,0.207770605250243,0.394736842105263,0.655172413793103,0.75,0
3,3,3.76712328767123,0.207770605250243,0.394736842105263,0.655172413793103,0.75,0
5,5,0.367123287671233,0.207770605250243,0.394736842105263,0.655172413793103,0.75,0
3,4,1.16164383561644,0.207770605250243,0.394736842105263,0.655172413793103,0.75,0
2,2,0.136986301369863,0.207795160583771,0.394736842105263,0.655172413793103,0.75,0
1,3,1.16712328767123,0.207795160583771,0.421052631578947,0.655172413793103,0.75,0
1,3,1.16712328767123,0.207795160583771,0.473684210526316,0.655172413793103,0.75,0
3,3,0.380821917808219,0.105829087416744,0.473684210526316,0.655172413793103,0.75,0.325862068965517
3,3,0.901369863013699,0.105829087416744,0.394736842105263,0.655172413793103,0.75,0.252
2,2,3.07123287671233,0.207679027982428,0.394736842105263,0.655172413793103,0.75,0
3,3,0.901369863013699,0.185486886775999,0.394736842105263,0.655172413793103,0.75,0.109628770301624
2,4,3.72328767123288,0.207576447113462,0.368421052631579,0.655172413793103,0.75,0
2,4,3.72328767123288,0.207576447113462,0.473684210526316,0.655172413793103,0.75,0
4,5,0.186301369863014,0.207576447113462,0.342105263157895,0.655172413793103,0.75,0
1,2,2.03561643835616,0.207435921393842,0.473684210526316,0.655172413793103,0.75,0.574468085106383
1,3,0.846575342465753,0.207435921393842,0.473684210526316,0.655172413793103,0.75,0
1,1,1.16712328767123,0.207435921393842,0.473684210526316,0.655172413793103,0.75,0
1,3,1.16712328767123,0.207435921393842,0.157894736842105,0.655172413793103,0.75,0.45873786407767
3,3,1.16712328767123,0.207435921393842,0.157894736842105,0.655172413793103,0.75,0
2,3,3.41643835616438,0.0379798147993893,0.157894736842105,0.655172413793103,0.75,0
3,3,0.901369863013699,0.0379798147993893,0.157894736842105,0.655172413793103,0.75,0
1,1,0.901369863013699,0.0379798147993893,0.157894736842105,0.655172413793103,0.75,0
3,3,1.01917808219178,0.0379798147993893,0.157894736842105,0.655172413793103,0.75,0.45873786407767
1,3,2.14246575342466,0.0129605253784272,0.342105263157895,0.655172413793103,0.75,0
1,3,0.898630136986301,0.0976384406453453,0.421052631578947,0.655172413793103,0.75,0.634228187919463
1,4,1.01643835616438,0.0976384406453453,0.421052631578947,0.655172413793103,0.75,0
3,3,1.90958904109589,0.0976384406453453,0.447368421052632,0.655172413793103,0.75,0
2,2,0.819178082191781,0.0966444734575432,0.342105263157895,0.482758620689655,0.3,0
1,1,1.61095890410959,0.0976837392540169,0.473684210526316,0.655172413793103,0.75,0
1,3,1.8986301369863,0.0976837392540169,0.473684210526316,0.655172413793103,0.75,0
1,3,0.997260273972603,0.0976837392540169,0.473684210526316,0.655172413793103,0.75,0
3,4,1.90958904109589,0.0976837392540169,0.473684210526316,0.482758620689655,0,0
1,1,0.898630136986301,0.0976837392540169,0.368421052631579,0.655172413793103,0.75,0
1,2,3.54246575342466,0.0976837392540169,0.473684210526316,0.655172413793103,0.75,0.54
1,3,0.980821917808219,0.0976837392540169,0.447368421052632,0.482758620689655,0,0.16637323943662
2,2,0.567123287671233,0.0976958040132648,0.368421052631579,0.655172413793103,0.75,0.315
2,4,0.265753424657534,0.0976958040132648,0.368421052631579,0.655172413793103,0.75,0.315
3,3,2.14794520547945,0.0976958040132648,0.342105263157895,0.655172413793103,0.75,0.392931392931393
2,3,0.682191780821918,0.109706775387653,0.342105263157895,0.655172413793103,0.75,0.01512
2,4,0.750684931506849,0.101601210515085,0.263157894736842,0.482758620689655,0.3,0.43953488372093
2,2,1.20821917808219,0.101601210515085,0.263157894736842,0.482758620689655,0.3,0.43953488372093
5,5,0.545205479452055,0.00846912980250753,0.342105263157895,0.482758620689655,0.3,0.63
1,3,3.98630136986301,0.0942702910528205,0.315789473684211,0.482758620689655,0,0.160851063829787
4,4,0.106849315068493,0.0942702910528205,0.315789473684211,0.482758620689655,0,0.0945
3,3,0.101369863013699,0.0892840984093957,0.342105263157895,0.482758620689655,0,0
3,3,1.10684931506849,0.0892840984093957,0.342105263157895,0.482758620689655,0.3,0
1,1,1.69315068493151,0.0942357865172686,0.315789473684211,0.482758620689655,0.3,0.429545454545455
1,1,0.997260273972603,0.0942357865172686,0.368421052631579,0.482758620689655,0.3,0
1,3,2.98630136986301,0.0942357865172686,0.368421052631579,0.482758620689655,0.3,0
1,2,2.26301369863014,0.0900125597861203,0.342105263157895,0.482758620689655,0,0
3,3,3.00821917808219,0.0937261602722902,0.342105263157895,0.482758620689655,0,0.290769230769231
1,3,3.98630136986301,0.0937261602722902,0.368421052631579,0.482758620689655,0,0
1,3,1,0.0937261602722902,0.368421052631579,0.482758620689655,0.3,0
1,4,2.69041095890411,0.0937261602722902,0.342105263157895,0.655172413793103,0.75,0.0859090909090909
4,4,0.0986301369863014,0.0847503443762176,0.342105263157895,0.482758620689655,0,0
3,3,1.06027397260274,0.0923075676307146,0.447368421052632,0.655172413793103,0.75,0.23625
1,3,1.06027397260274,0.0923075676307146,0.342105263157895,0.655172413793103,0.75,0.315
4,5,0.602739726027397,0.0923075676307146,0.447368421052632,0.655172413793103,0.75,0
3,3,1.04657534246575,0.0880953039469052,0.394736842105263,0.482758620689655,0,0.0613636363636364
2,2,1.08767123287671,0.0880953039469052,0.394736842105263,0.482758620689655,0,0.0613636363636364
1,1,2.98630136986301,0.0923248232779749,0.421052631578947,0.482758620689655,0,0
1,1,2.98630136986301,0.0923248232779749,0.421052631578947,0.482758620689655,0,0
1,1,0.997260273972603,0.0923248232779749,0.421052631578947,0.482758620689655,0,0
1,1,2.98630136986301,0.0923248232779749,0.421052631578947,0.482758620689655,0,0
1,4,0.997260273972603,0.0923248232779749,0.421052631578947,0.482758620689655,0,0
1,1,2.98630136986301,0.0923248232779749,0.342105263157895,0.482758620689655,0,0
1,4,0.997260273972603,0.0923248232779749,0.342105263157895,0.482758620689655,0,0.0278966789667897
4,4,0.364383561643836,0.0923248232779749,0.342105263157895,0.482758620689655,0,0
1,1,0.975342465753425,0.00986106507126887,0.368421052631579,0.482758620689655,0,0.42
1,3,2.98630136986301,0.0923014913177937,0.342105263157895,0.482758620689655,0,0
1,1,1.69315068493151,0.0923014913177937,0.342105263157895,0.482758620689655,0,0.063
1,4,3.98630136986301,0.0923014913177937,0.342105263157895,0.482758620689655,0,0.063
1,1,0.717808219178082,0.0923014913177937,0.342105263157895,0.482758620689655,0,0.063
3,3,3.85479452054795,0.0923014913177937,0.342105263157895,0.482758620689655,0,0.063
3,3,1.01643835616438,0.0923014913177937,0.342105263157895,0.482758620689655,0,0.063
1,4,1.01643835616438,0.0923014913177937,0.342105263157895,0.482758620689655,0,0.063
1,1,1.01643835616438,0.0923014913177937,0.342105263157895,0.482758620689655,0,0.315
3,4,3.07123287671233,0.0923014913177937,0.342105263157895,0.482758620689655,0,0.315
1,4,0.997260273972603,0.0923014913177937,0.342105263157895,0.482758620689655,0,0.1575
1,4,1.01643835616438,0.0923014913177937,0.342105263157895,0.482758620689655,0,0.1575
2,3,0.76986301369863,0.0923014913177937,0.342105263157895,0.482758620689655,0,0.517808219178082
1,3,1.06027397260274,0.0923014913177937,0.368421052631579,0.655172413793103,0.75,0.237735849056604
3,3,1.05479452054795,0.0923014913177937,0.421052631578947,0.482758620689655,0.3,0
3,3,1.01643835616438,0.0923014913177937,0.421052631578947,0.482758620689655,0.3,0
3,3,0.997260273972603,0.0918148050128081,0.210526315789474,0.482758620689655,0.3,0.378
2,2,3.67397260273973,0.0918148050128081,0.342105263157895,0.655172413793103,0.75,0.63
3,3,1.04657534246575,0.0637332498898085,0.342105263157895,0.482758620689655,0.3,0.378
3,3,1.04657534246575,0.0637332498898085,0.342105263157895,0.482758620689655,0.3,0.378
3,3,2.17260273972603,0.0918829489359099,0.315789473684211,0.482758620689655,0.3,0.63
1,4,1.01643835616438,0.0918829489359099,0.315789473684211,0.482758620689655,0,0.378
1,4,0.997260273972603,0.0918829489359099,0.315789473684211,0.655172413793103,0.3,0.378
1,3,3.70684931506849,0.0918206582797597,0.394736842105263,0.482758620689655,0.3,0.63
1,3,1.58630136986301,0.0918206582797597,0.342105263157895,0.482758620689655,0.3,0.21
3,3,0.394520547945205,0.0918206582797597,0.421052631578947,0.482758620689655,0.3,0.23625
3,3,3.22465753424658,0.0903423163542901,0.368421052631579,0.482758620689655,0.3,0
1,1,0.717808219178082,0.0918839965760686,0.421052631578947,0.482758620689655,0.3,0.126
3,3,3.32602739726027,0.0918839965760686,0.421052631578947,0.482758620689655,0.3,0.126
3,3,0.876712328767123,0.0918150753715588,0.578947368421053,0.482758620689655,0.3,0.063
3,3,2.76164383561644,0,0.342105263157895,0.482758620689655,0.3,0
3,3,1.93972602739726,0,0.342105263157895,0.482758620689655,0.3,0
1,3,1.15342465753425,0.0916046483969578,0.342105263157895,0,0,0.63
1,3,1.01643835616438,0.0827558267650351,0.342105263157895,0,0,0.444705882352941
3,3,1.10684931506849,0.0827558267650351,0.342105263157895,0,0,0.444705882352941
1,3,3.68219178082192,0.0915951723227475,0.421052631578947,0.655172413793103,0.75,0.63
3,3,0.342465753424658,0.0915951723227475,0.421052631578947,0.655172413793103,0.75,0.63
3,5,3.81369863013699,0.0915951723227475,0.342105263157895,0.482758620689655,0.3,0
1,3,3.04657534246575,0.0915951723227475,0.447368421052632,0.482758620689655,0.3,0.343636363636364
1,3,2.32602739726027,0.0915951723227475,0.447368421052632,0.482758620689655,0.3,0.343636363636364
3,3,1.49315068493151,0.0915951723227475,0.368421052631579,0.482758620689655,0.3,0
3,3,2.99452054794521,0.0915951723227475,0.342105263157895,0.482758620689655,0.3,0.484615384615385
3,3,0.882191780821918,0.0915951723227475,0.342105263157895,0.482758620689655,0.3,0.484615384615385
1,1,0.997260273972603,0.0915951723227475,0.368421052631579,0.482758620689655,0.3,0
1,1,2.98630136986301,0.0915951723227475,0.447368421052632,0.482758620689655,0.3,0.126
2,2,0.284931506849315,0.0915951723227475,0.447368421052632,0.482758620689655,0.3,0.126
2,4,0.975342465753425,0.0915951723227475,0.447368421052632,0.482758620689655,0.3,0.126
1,3,2.12328767123288,0.0915951723227475,0.447368421052632,0.482758620689655,0.3,0.126
2,4,3.97808219178082,0.0916223298592504,0.342105263157895,0.482758620689655,0.3,0
2,4,0.704109589041096,0.0916223298592504,0.421052631578947,0.482758620689655,0.3,0
2,3,3.66849315068493,0.0916223298592504,0.421052631578947,0.482758620689655,0.3,0.63
1,4,2.16986301369863,0.0916087848858428,0.342105263157895,0.482758620689655,0.3,0
3,4,1.04657534246575,0.0916087848858428,0.394736842105263,0.482758620689655,0.3,0.63
1,3,0.997260273972603,0.0916087848858428,0.368421052631579,0.482758620689655,0.3,0.378
1,3,2.69315068493151,0.0916087848858428,0.421052631578947,0.482758620689655,0.3,0.243870967741936
1,3,1.04383561643836,0.0962810369480109,0.421052631578947,0.482758620689655,0.3,0.27
3,3,1.04657534246575,0.0962810369480109,0.421052631578947,0.482758620689655,0.3,0.63
2,4,2.12054794520548,0.0962810369480109,0.421052631578947,0.482758620689655,0.3,0.42
3,3,0.997260273972603,0.0962810369480109,0.421052631578947,0.482758620689655,0.3,0
1,3,0.997260273972603,0.0962810369480109,0.447368421052632,0.482758620689655,0.3,0.63
1,3,1.71780821917808,0.0962810369480109,0.342105263157895,0.482758620689655,0.3,0.018
3,4,3.39452054794521,0.0962810369480109,0.342105263157895,0.482758620689655,0.3,0
4,5,0.205479452054795,0.0963433411220986,0.342105263157895,0.655172413793103,0.3,0.328695652173913
2,4,0.901369863013699,0.0963433411220986,0.342105263157895,0.655172413793103,0.3,0
2,4,0.246575342465753,0.0963433411220986,0.421052631578947,0.655172413793103,0.3,0
4,4,0.646575342465753,0.0963433411220986,0.421052631578947,0.655172413793103,0.3,0
3,3,3.03835616438356,0.0631990007216146,0.447368421052632,0.482758620689655,0.3,0.04725
4,5,0.635616438356164,0.00158707345601294,0.368421052631579,0.655172413793103,0.3,0.0651724137931034
3,3,0.961643835616438,0.00158707345601294,0.368421052631579,0.655172413793103,0.3,0.0651724137931034
3,3,0.254794520547945,0.00158707345601294,0.368421052631579,0.655172413793103,0.3,0.0651724137931034
3,4,0.254794520547945,0.00158707345601294,0.578947368421053,0.655172413793103,0.3,0.0651724137931034
3,4,3.27945205479452,0.00158707345601294,0.578947368421053,0.655172413793103,0.3,0.0651724137931034
2,4,1.84657534246575,0.00158707345601294,0.578947368421053,0.655172413793103,0.3,0.0651724137931034
1,3,2.02739726027397,0.0917913987039704,0.263157894736842,0.482758620689655,0.3,0
1,3,3.97534246575342,0.0917913987039704,0.315789473684211,0.482758620689655,0.3,0.3024
3,3,0.983561643835616,0.0917913987039704,0.315789473684211,0.482758620689655,0.3,0.547826086956522
3,3,0.983561643835616,0.0917913987039704,0.315789473684211,0.482758620689655,0.3,0.547826086956522
3,4,2.01643835616438,0.0845052100970018,0.342105263157895,0.482758620689655,0.3,0
3,3,3.04109589041096,0.0845052100970018,0.342105263157895,0.482758620689655,0.3,0
3,3,3.04109589041096,0.0845052100970018,0.342105263157895,0.482758620689655,0.3,0
3,3,2.80547945205479,0.0918345344426369,0.342105263157895,0.482758620689655,0.3,0
1,1,1.80821917808219,0.0918345344426369,0.394736842105263,0.482758620689655,0.3,0
1,3,3.92876712328767,0.0918345344426369,0.342105263157895,0.482758620689655,0.3,0
3,3,0.863013698630137,0.0918345344426369,0.342105263157895,0.482758620689655,0.3,0
3,3,0.942465753424658,0.0918345344426369,0.342105263157895,0.482758620689655,0.3,0
3,3,0.863013698630137,0.0918345344426369,0.473684210526316,0.482758620689655,0.3,0.497368421052632
3,3,0.942465753424658,0.0918345344426369,0.473684210526316,0.482758620689655,0.3,0.497368421052632
4,5,0.205479452054795,0.0918345344426369,0.473684210526316,0.482758620689655,0.3,0
1,3,2.55890410958904,0.0918345344426369,0.394736842105263,0.655172413793103,0.75,0
1,3,1.80821917808219,0.0918345344426369,0.394736842105263,0.655172413793103,0.75,0.343636363636364
3,3,0.413698630136986,0.0918345344426369,0.473684210526316,0.482758620689655,0,0.126
3,3,0.863013698630137,0.0918345344426369,0.447368421052632,0.482758620689655,0.3,0.431506849315068
3,4,1.93972602739726,0.0918345344426369,0.447368421052632,0.482758620689655,0.3,0.431506849315068
3,3,0.997260273972603,0.0918345344426369,0.447368421052632,0.482758620689655,0.3,0.01575
3,3,0.728767123287671,0.0918345344426369,0.447368421052632,0.482758620689655,0.3,0.01575
3,4,3.85205479452055,0.0868842116464548,0.263157894736842,0.482758620689655,0.3,0
3,3,0.863013698630137,0.0868842116464548,0.263157894736842,0.482758620689655,0.3,0
1,3,1.16986301369863,0.0868842116464548,0.263157894736842,0.482758620689655,0.3,0
3,3,0.863013698630137,0.0868842116464548,0.263157894736842,0.482758620689655,0.3,0
1,3,1.16986301369863,0.0868842116464548,0.263157894736842,0.482758620689655,0.3,0.126
3,3,0.863013698630137,0.0868842116464548,0.263157894736842,0.482758620689655,0.3,0
3,3,1.93972602739726,0.0868842116464548,0.263157894736842,0.482758620689655,0.3,0
1,1,1.80821917808219,0.0919159867752395,0.447368421052632,0.482758620689655,0.3,0.198947368421053
3,3,0.863013698630137,0.0919159867752395,0.263157894736842,0.482758620689655,0.3,0.0378
3,3,3.72328767123288,0.0919159867752395,0.263157894736842,0.482758620689655,0.3,0.0378
3,3,3.72328767123288,0.0919159867752395,0.263157894736842,0.482758620689655,0.3,0.63
3,3,2.09041095890411,0.0919159867752395,0.473684210526316,0.482758620689655,0.3,0
3,3,3.3041095890411,0.0919159867752395,0.473684210526316,0.482758620689655,0.3,0.0189
3,3,3.3041095890411,0.0919159867752395,0.473684210526316,0.482758620689655,0.3,0.0189
3,4,0.646575342465753,0.0919159867752395,0.473684210526316,0.482758620689655,0.3,0.0189
1,3,0.101369863013699,0.0919159867752395,0.473684210526316,0.482758620689655,0.3,0.23625
3,3,0.863013698630137,0.0919159867752395,0.473684210526316,0.482758620689655,0.3,0
3,4,2.51506849315069,0.0919159867752395,0.473684210526316,0.482758620689655,0.3,0.1575
3,3,0.863013698630137,0.0890816943307203,0.342105263157895,0.482758620689655,0.3,0
3,3,2.02739726027397,0.0890816943307203,0.342105263157895,0.482758620689655,0.3,0
3,4,1.8986301369863,0.0890816943307203,0.342105263157895,0.482758620689655,0.3,0
3,3,0.347945205479452,0.0890816943307203,0.342105263157895,0.482758620689655,0.3,0
3,3,0.53972602739726,0.0890816943307203,0.736842105263158,0.482758620689655,0.3,0.480916030534351
2,4,1.78082191780822,0.0890816943307203,0.736842105263158,0.482758620689655,0.3,0.488372093023256
3,3,2.9972602739726,0.0890816943307203,0.736842105263158,0.482758620689655,0.3,0.488372093023256
3,3,0.980821917808219,0.0890816943307203,0.736842105263158,0.482758620689655,0.3,0.488372093023256
1,3,0.863013698630137,0.0919349997543791,0.736842105263158,1,0,0
1,1,1.16986301369863,0.0919349997543791,0.368421052631579,1,0,0
4,4,0.394520547945205,0.0919349997543791,0.368421052631579,1,0,0
4,4,0.347945205479452,0.0919349997543791,0.421052631578947,1,0,0
2,4,1.21095890410959,0.0919349997543791,0.421052631578947,1,0,0
3,3,0.980821917808219,0.0919349997543791,0.421052631578947,1,0,0
1,1,1.7041095890411,0.0919349997543791,0.736842105263158,1,0,0
1,3,2.9972602739726,0.0919349997543791,0.736842105263158,1,0,0
3,3,0.980821917808219,0.0919349997543791,0.736842105263158,1,0,0
4,4,0.515068493150685,0.0919349997543791,0.736842105263158,0.482758620689655,0,0
1,3,1.84383561643836,0.077612109595543,0.736842105263158,0.482758620689655,0.3,0
1,1,1.15616438356164,0.077612109595543,0.736842105263158,0.482758620689655,0.3,0
3,3,0.983561643835616,0.077612109595543,0.736842105263158,0.482758620689655,0.3,0
3,4,1.06849315068493,0.077612109595543,0.736842105263158,0.482758620689655,0.3,0
1,3,1.80547945205479,0.077612109595543,0.736842105263158,0.482758620689655,0.3,0
3,3,0.983561643835616,0.077612109595543,0.736842105263158,0.482758620689655,0.3,0
1,3,1.18904109589041,0.0915722391417234,0.736842105263158,0.482758620689655,0.3,0
4,4,0.347945205479452,0.0915722391417234,0.315789473684211,0.655172413793103,0.3,0
4,4,0.104109589041096,0.0915722391417234,0.315789473684211,0.655172413793103,0.3,0
4,4,0.104109589041096,0.0915722391417234,0.315789473684211,0.655172413793103,0.3,0
4,4,0.104109589041096,0.0915722391417234,0.315789473684211,0.655172413793103,0.3,0
3,3,1.80547945205479,0.0915722391417234,0.736842105263158,0.482758620689655,0.3,0
3,4,1.48219178082192,0.0913730455732121,0.342105263157895,0.482758620689655,0.3,0
3,3,0.843835616438356,0.0913730455732121,0.342105263157895,0.482758620689655,0.3,0
3,3,1.95616438356164,0.0913730455732121,0.342105263157895,0.482758620689655,0.3,0
1,4,1.16438356164384,0.0913924978853214,0.368421052631579,0.482758620689655,0.3,0
1,3,2.8,0.0913924978853214,0.578947368421053,0.482758620689655,0.3,0.0189
1,1,2.02739726027397,0.0913924978853214,0.368421052631579,0.655172413793103,0.3,0
1,1,3.28219178082192,0.0913924978853214,0.368421052631579,0.655172413793103,0.3,0
1,1,3.28219178082192,0.0913924978853214,0.368421052631579,0.655172413793103,0.3,0
3,3,0.216438356164384,0.0913924978853214,0.368421052631579,0.655172413793103,0.3,0
1,1,0.753424657534247,0.0913924978853214,0.368421052631579,0.655172413793103,0.3,0
3,3,0.219178082191781,0.0913924978853214,0.368421052631579,0.655172413793103,0.3,0
1,1,0.975342465753425,0.0913924978853214,0.578947368421053,0.655172413793103,0.3,0
1,4,0.975342465753425,0.0913924978853214,0.578947368421053,0.655172413793103,0.3,0
3,4,1.72876712328767,0.084430239615446,0.578947368421053,0.482758620689655,0,0.198947368421053
3,3,2.98904109589041,0.084430239615446,0.447368421052632,0.482758620689655,0,0
3,3,0.994520547945206,0.0915344970601325,0.263157894736842,0.482758620689655,0.3,0.307317073170732
2,2,1.03287671232877,0.0915344970601325,0.263157894736842,0.482758620689655,0.3,0
2,2,0.958904109589041,0.0915344970601325,0.263157894736842,0.482758620689655,0.3,0
3,3,1.03287671232877,0.0779346543440392,0.342105263157895,0.482758620689655,0,0
1,1,0.580821917808219,0.0779346543440392,0.263157894736842,0.482758620689655,0,0
3,3,1.03287671232877,0.0779346543440392,0.526315789473684,0.655172413793103,0,0
2,5,2.87397260273973,0.0915769771788286,0.447368421052632,0.655172413793103,0,0
1,1,0.975342465753425,0.0915769771788286,0.447368421052632,0.655172413793103,0,0
1,1,1.99452054794521,0.0915769771788286,0.447368421052632,0.655172413793103,0,0
3,3,2.98904109589041,0.0915769771788286,0.447368421052632,0.655172413793103,0,0
1,1,2.57534246575342,0.0915769771788286,0.447368421052632,0.655172413793103,0,0
1,1,2.57534246575342,0.0915769771788286,0.263157894736842,0.655172413793103,0,0
1,1,1.99452054794521,0.0915769771788286,0.263157894736842,0.655172413793103,0,0
3,4,1.2986301369863,0.0915769771788286,0.263157894736842,0.655172413793103,0,0
2,3,3.69041095890411,0.0915769771788286,0.263157894736842,0.655172413793103,0,0
1,4,3.26301369863014,0.0915769771788286,0.263157894736842,0.655172413793103,0,0
1,1,2.96986301369863,0.0915769771788286,0.263157894736842,0.655172413793103,0,0
1,1,3.26301369863014,0.0915769771788286,0.263157894736842,0.655172413793103,0,0
1,1,2.77808219178082,0.0915769771788286,0.263157894736842,0.655172413793103,0,0
1,1,2.96986301369863,0.0915769771788286,0.578947368421053,0.655172413793103,0,0
1,1,2.7041095890411,0.0915769771788286,0.578947368421053,0.655172413793103,0,0
2,3,3.69041095890411,0.0915769771788286,0.578947368421053,0.482758620689655,0.3,0.378
3,5,0.175342465753425,0.0698240472807709,0.342105263157895,0.482758620689655,0.3,0
3,3,0.904109589041096,0.0698240472807709,0.342105263157895,0.482758620689655,0.3,0
2,3,2.93424657534247,0.0698240472807709,0.342105263157895,0.482758620689655,0.3,0
3,4,2.96164383561644,0.0698240472807709,0.342105263157895,0.482758620689655,0.3,0
3,4,0.66027397260274,0.0887537964789612,0.447368421052632,0.655172413793103,0.3,0
3,3,0.865753424657534,0.0887537964789612,0.578947368421053,0.482758620689655,0.3,0.126
3,3,1.09041095890411,0.0887537964789612,0.578947368421053,0.482758620689655,0.3,0.126
3,4,2.01643835616438,0.0887537964789612,0.578947368421053,0.482758620689655,0.3,0.126
3,3,0.865753424657534,0.0887537964789612,0.578947368421053,0.482758620689655,0.3,0
3,3,1.09041095890411,0.0887537964789612,0.578947368421053,0.482758620689655,0.3,0
3,3,3.69041095890411,0.084663572735196,0.342105263157895,0.655172413793103,0.75,0
1,3,2.03287671232877,0.084663572735196,0,0.482758620689655,0.3,0.21
3,3,1.09315068493151,0.084663572735196,0,0.482758620689655,0.3,0.21
3,3,0.843835616438356,0.0842726204638161,0.421052631578947,0.482758620689655,0.3,0
3,3,0.865753424657534,0.0842726204638161,0.578947368421053,0.482758620689655,0.3,0
3,4,1.09315068493151,0.0842726204638161,0.578947368421053,0.482758620689655,0.3,0
1,1,2.12328767123288,0.0842726204638161,0.578947368421053,0.482758620689655,0.3,0
2,2,0.843835616438356,0.0842726204638161,0.578947368421053,0.482758620689655,0.3,0
2,3,0.865753424657534,0.0842726204638161,0.578947368421053,0.482758620689655,0.3,0
3,4,0.0876712328767123,0.0842726204638161,0.578947368421053,0.482758620689655,0.3,0
3,3,2.02191780821918,0.0842726204638161,0.578947368421053,0.482758620689655,0.3,0
4,4,0.0876712328767123,0.0763940014855132,0.421052631578947,0.655172413793103,0.3,0
3,5,0.126027397260274,0.0841468630909505,0.342105263157895,0.482758620689655,0.3,0
3,3,0.843835616438356,0.0841468630909505,0.447368421052632,0.655172413793103,0.3,0.63
3,3,0.972602739726027,0.0841468630909505,0.447368421052632,0.655172413793103,0.3,0.63
4,5,0.254794520547945,0.0841468630909505,0.342105263157895,0.482758620689655,0.3,0.189
3,4,3.26301369863014,0.0841468630909505,0.447368421052632,0.482758620689655,0.3,0
2,3,3.69041095890411,0.0841468630909505,0.447368421052632,0.482758620689655,0.3,0
3,3,0.843835616438356,0.0841468630909505,0.447368421052632,0.482758620689655,0.3,0
3,4,1.0958904109589,0.0841468630909505,0.342105263157895,0.482758620689655,0.3,0
1,3,1.02739726027397,0.0798136138662245,0.315789473684211,0.206896551724138,0.3,0
3,3,0.893150684931507,0.0798136138662245,0.315789473684211,0.655172413793103,0.3,0.63
3,4,2.12328767123288,0.0841101416136432,0.315789473684211,0.482758620689655,0.3,0.378
1,3,2.89315068493151,0.0841101416136432,0.315789473684211,0.482758620689655,0.3,0
3,3,0.843835616438356,0.0841101416136432,0.315789473684211,0.482758620689655,0.3,0.4725
3,3,1.95616438356164,0.0841101416136432,0.315789473684211,0.482758620689655,0.3,0.4725
2,3,2.02739726027397,0.0841101416136432,0.342105263157895,0.482758620689655,0.3,0
1,3,0.843835616438356,0.0841101416136432,0.342105263157895,0.482758620689655,0.3,0
3,4,1.66027397260274,0.0841101416136432,0.342105263157895,0.482758620689655,0.3,0
4,4,0.684931506849315,0.0791982908676788,0.394736842105263,0.482758620689655,0.3,0.579754601226994
4,4,0.646575342465753,0.164865955725889,0.263157894736842,0.482758620689655,0.3,0
1,3,3.56986301369863,0.164865955725889,0.447368421052632,0.482758620689655,0.3,0.189
1,1,1.15068493150685,0.164865955725889,0.421052631578947,0.482758620689655,0.3,0
1,3,0.767123287671233,0.164865955725889,0.421052631578947,0.482758620689655,0.3,0
3,4,1.10958904109589,0.164865955725889,0.421052631578947,0.482758620689655,0.3,0
1,1,1.7013698630137,0.141947968863648,0.5,0.482758620689655,0.3,0.63
3,4,2.1972602739726,0.164716541962341,0.421052631578947,0.482758620689655,0.3,0
1,4,2.8,0.164716541962341,0.421052631578947,0.482758620689655,0.3,0
3,4,2.46027397260274,0.164716541962341,0.421052631578947,0.482758620689655,0.3,0
3,4,1.10958904109589,0.164716541962341,0.421052631578947,0.655172413793103,0.75,0
3,4,2.12602739726027,0.164716541962341,0.342105263157895,0.655172413793103,0.75,0.378
3,4,1.91506849315068,0.139219204198477,0.421052631578947,0.482758620689655,0.3,0.4725
1,3,1.0986301369863,0.164906360841174,0.578947368421053,0.482758620689655,0.3,0
1,1,1.7013698630137,0.164906360841174,0.578947368421053,0.482758620689655,0.3,0
1,3,1.0986301369863,0.164906360841174,0.578947368421053,0.482758620689655,0.3,0
1,4,1.0986301369863,0.164906360841174,0.578947368421053,0.482758620689655,0.3,0
1,1,2.47123287671233,0.164906360841174,0.578947368421053,0.482758620689655,0.3,0
1,3,0.76986301369863,0.15665284890128,0.578947368421053,0.482758620689655,0.3,0
1,3,2.86301369863014,0.164944920757985,0.526315789473684,0.482758620689655,0.3,0
1,3,1.14794520547945,0.164944920757985,0.526315789473684,0.482758620689655,0.3,0.102162162162162
4,4,0.249315068493151,0.164944920757985,0.526315789473684,0.482758620689655,0.3,0.102162162162162
1,3,2.46027397260274,0.164722814285356,0.578947368421053,0.482758620689655,0.3,0.28
3,4,1.10958904109589,0.164722814285356,0.578947368421053,0.482758620689655,0.3,0.28
1,3,2.12328767123288,0.164722814285356,0.578947368421053,0.482758620689655,0.3,0
3,4,1.11232876712329,0.164722814285356,0.526315789473684,0.482758620689655,0.3,0.1575
3,3,0.753424657534247,0.151805877496503,0.578947368421053,0.482758620689655,0.3,0.63
1,3,3.97534246575342,0.164449880367605,0.578947368421053,0.482758620689655,0.3,0
4,4,0.210958904109589,0.164449880367605,0.578947368421053,0.482758620689655,0.3,0.0607717041800643
4,4,0.342465753424658,0.164449880367605,0.578947368421053,0.482758620689655,0.3,0.0607717041800643
1,1,0.76986301369863,0.164449880367605,0.578947368421053,0.482758620689655,0.3,0.0607717041800643
1,3,1.69041095890411,0.164449880367605,0.578947368421053,0.482758620689655,0.3,0.0607717041800643
1,1,1.17260273972603,0.151328092753382,0.578947368421053,0.482758620689655,0.3,0.0607717041800643
1,3,1.69041095890411,0.151328092753382,0.578947368421053,0.482758620689655,0.3,0.0607717041800643
1,1,1.01917808219178,0.151328092753382,0.578947368421053,0.482758620689655,0.3,0.0607717041800643
2,3,2.8986301369863,0.151328092753382,0.578947368421053,0.482758620689655,0.3,0.0607717041800643
3,3,0.843835616438356,0.151328092753382,0.578947368421053,0.482758620689655,0.3,0
1,3,0.843835616438356,0.151328092753382,0.578947368421053,0.482758620689655,0.3,0.63
1,4,3.97534246575342,0.196779521708875,0.578947368421053,0.482758620689655,0.3,0
1,3,3.57260273972603,0.196779521708875,0.5,0.482758620689655,0.3,0.0590625
1,3,2.8027397260274,0.196779521708875,0.5,0.482758620689655,0.3,0.0609677419354839
2,4,1.87397260273973,0.196779521708875,0.5,0.482758620689655,0.3,0.0609677419354839
1,3,0.76986301369863,0.196779521708875,0.578947368421053,0.482758620689655,0.3,0
3,4,0.76986301369863,0.196779521708875,0.578947368421053,0.482758620689655,0.3,0
1,4,1.11232876712329,0.196779521708875,0.578947368421053,0.482758620689655,0.3,0
1,2,1.27671232876712,0.196779521708875,0.578947368421053,0.482758620689655,0.3,0
2,3,3.12328767123288,0.196779521708875,0.578947368421053,0.482758620689655,0.3,0.315
3,4,1.11232876712329,0.196779521708875,0.578947368421053,0.482758620689655,0.3,0.315
1,4,1.11232876712329,0.196779521708875,0.578947368421053,0.482758620689655,0.3,0.315
3,4,3.27397260273973,0.196779521708875,0.578947368421053,0.482758620689655,0.3,0.0969230769230769
3,3,1.35068493150685,0.196779521708875,0.5,0.482758620689655,0.3,0
2,4,0.882191780821918,0.147097532541123,0.578947368421053,0.482758620689655,0.3,0
3,4,2.8027397260274,0.147097532541123,0.342105263157895,0.482758620689655,0.3,0
1,4,1.11232876712329,0.147097532541123,0.342105263157895,0.482758620689655,0.3,0
1,1,1.91780821917808,0.147097532541123,0.342105263157895,0.482758620689655,0.3,0.315
1,3,1.13150684931507,0.196907205387839,0.552631578947368,0.482758620689655,0.3,0.198947368421053
1,4,1.13150684931507,0.196907205387839,0.342105263157895,0.482758620689655,0.3,0
1,4,1.13150684931507,0.196907205387839,0.342105263157895,0.482758620689655,0.3,0
1,1,1.68767123287671,0.196907205387839,0.342105263157895,0.482758620689655,0.3,0
4,4,0.210958904109589,0.196907205387839,0.421052631578947,0.482758620689655,0.3,0
4,4,0.342465753424658,0.196907205387839,0.421052631578947,0.482758620689655,0.3,0
1,4,3.94520547945205,0.196907205387839,0.421052631578947,0.482758620689655,0.3,0.252
1,4,1.68767123287671,0.196907205387839,0.421052631578947,0.482758620689655,0.3,0.252
1,3,1.68767123287671,0.196907205387839,0.421052631578947,0.482758620689655,0.3,0
3,4,1.13150684931507,0.196907205387839,0.421052631578947,0.482758620689655,0.3,0
1,1,1.14794520547945,0.196678759002507,0.578947368421053,0.482758620689655,0.3,0
1,4,1.68767123287671,0.150348015246395,0.5,0.482758620689655,0.3,0
1,1,3.94520547945205,0.150348015246395,0.5,0.482758620689655,0.3,0
1,3,0.841095890410959,0.150348015246395,0.5,0.482758620689655,0.3,0
1,4,0.841095890410959,0.150348015246395,0.5,0.482758620689655,0.3,0
3,3,1.72054794520548,0.150348015246395,0.5,0.482758620689655,0.3,0
1,1,0.772602739726027,0.150348015246395,0.578947368421053,0.482758620689655,0.3,0.0590625
1,3,0.841095890410959,0.150348015246395,0.578947368421053,0.482758620689655,0.3,0.0590625
1,3,0.841095890410959,0.150348015246395,0.578947368421053,0.482758620689655,0.3,0.0590625
3,4,1.97808219178082,0.150348015246395,0.578947368421053,0.482758620689655,0.3,0.0590625
2,3,2.11780821917808,0.142153495585893,0.578947368421053,0.482758620689655,0.3,0
2,4,2.11780821917808,0.142153495585893,0.578947368421053,0.482758620689655,0.3,0
1,2,3.73698630136986,0.142153495585893,0.578947368421053,0.482758620689655,0.3,0
1,4,1.68767123287671,0.142153495585893,0.5,0.482758620689655,0.3,0
3,4,1.13150684931507,0.142153495585893,0.5,0.482758620689655,0.3,0
3,4,1.01917808219178,0.127333713079234,0.578947368421053,0.482758620689655,0.3,0.63
1,3,1.01917808219178,0.127333713079234,0.578947368421053,0.482758620689655,0.3,0
1,1,1.72054794520548,0.127333713079234,0.578947368421053,0.482758620689655,0.3,0
1,3,2.86027397260274,0.0980662563323765,0.394736842105263,0.482758620689655,0.3,0
3,4,1.13424657534247,0.0980662563323765,0.394736842105263,0.482758620689655,0.3,0
2,3,2.26027397260274,0.0980662563323765,0.394736842105263,0.482758620689655,0.3,0.126
3,3,1.13150684931507,0.0121659477692307,0.578947368421053,0.482758620689655,0.3,0.63
3,3,1.37808219178082,0.0121659477692307,0.394736842105263,0.655172413793103,0.75,0.235955056179775
3,4,1.37808219178082,0.0121659477692307,0.394736842105263,0.655172413793103,0.75,0.23625
3,4,2.38904109589041,0.0121659477692307,0.394736842105263,0.655172413793103,0.75,0.23625
3,4,1.27123287671233,0.0121659477692307,0.394736842105263,0.655172413793103,0.75,0.235955056179775
1,3,3.57260273972603,0.0121659477692307,0.394736842105263,0.655172413793103,0.75,0.235955056179775
3,3,1.59178082191781,0.000538142334203375,0.394736842105263,0.655172413793103,0.75,0.0171818181818182
3,3,0.4,0.000538142334203375,0.394736842105263,0.655172413793103,0.75,0.0171818181818182
1,4,1.00821917808219,0.0121659477692307,0.210526315789474,0.655172413793103,0.75,0
1,4,1.00821917808219,0.0121659477692307,0.210526315789474,0.655172413793103,0.75,0
3,3,0.832876712328767,0.0121659477692307,0.210526315789474,0.655172413793103,0.75,0
3,3,1.00821917808219,0.0121659477692307,0.210526315789474,0.655172413793103,0.75,0
3,3,0.832876712328767,0.0121659477692307,0.210526315789474,0.655172413793103,0.75,0
3,3,0.947945205479452,0.0121659477692307,0.210526315789474,0.655172413793103,0.75,0
3,3,2.79178082191781,0.0121659477692307,0.210526315789474,0.655172413793103,0.75,0
3,4,1.00821917808219,0.0121659477692307,0.394736842105263,0.655172413793103,0.75,0
1,3,1.00821917808219,0.0121659477692307,0.394736842105263,0.655172413793103,0.75,0
3,4,2.79452054794521,0.0121659477692307,0.394736842105263,0.655172413793103,0.75,0
1,1,1.78356164383562,0.0979893054729722,0.315789473684211,0.655172413793103,0.75,0
1,3,3.98082191780822,0.0979893054729722,0.315789473684211,0.655172413793103,0.75,0
3,4,1.95616438356164,0.0979893054729722,0.315789473684211,0.655172413793103,0.75,0
1,4,2.23835616438356,0.0979893054729722,0.315789473684211,0.655172413793103,0.75,0.248684210526316
3,4,1.95616438356164,0.0979893054729722,0.315789473684211,0.655172413793103,0.75,0
1,3,2.79178082191781,0.0979893054729722,0.315789473684211,0.655172413793103,0.75,0
1,3,1.00821917808219,0.0979893054729722,0.315789473684211,0.655172413793103,0.75,0.105233853006682
1,3,3.98082191780822,0.0979893054729722,0.315789473684211,0.655172413793103,0.75,0.105
3,3,0.947945205479452,0.0979893054729722,0.210526315789474,0.655172413793103,0.75,0
3,3,1.00821917808219,0.0979893054729722,0.210526315789474,0.655172413793103,0.75,0
3,3,0.838356164383562,0.0979893054729722,0.210526315789474,0.655172413793103,0.75,0
3,3,1.00821917808219,0.0979893054729722,0.210526315789474,0.655172413793103,0.75,0.480916030534351
1,4,3.98082191780822,0.0979893054729722,0.210526315789474,0.655172413793103,0.75,0
3,3,1.00821917808219,0.0979893054729722,0.210526315789474,0.655172413793103,0.75,0
1,3,2.02191780821918,0.0979893054729722,0.210526315789474,0.655172413793103,0.75,0
1,4,2.76438356164384,0.0979893054729722,0.210526315789474,0.655172413793103,0.75,0
1,1,2.97260273972603,0.0979893054729722,0.210526315789474,0.655172413793103,0.75,0
1,3,2.45479452054795,0.0979893054729722,0.210526315789474,0.655172413793103,0.75,0
3,3,0.832876712328767,0.0979893054729722,0.210526315789474,0.655172413793103,0.75,0
1,3,2.86027397260274,0.0979893054729722,0.210526315789474,0.655172413793103,0.75,0
3,3,2.45479452054795,0.0979893054729722,0.210526315789474,0.655172413793103,0.75,0
4,4,0.112328767123288,0.0979893054729722,0.210526315789474,0.655172413793103,0.75,0
1,3,2.79178082191781,0.0979893054729722,0.210526315789474,0.655172413793103,0.75,0.0945
1,1,1.18904109589041,0.0979893054729722,0.210526315789474,0.655172413793103,0.75,0.0945
1,4,2.79178082191781,0.0979893054729722,0.210526315789474,0.655172413793103,0.75,0.0945
1,3,2.45479452054795,0.0979893054729722,0.210526315789474,0.655172413793103,0.75,0.0945
1,1,1.18904109589041,0.0979893054729722,0.210526315789474,0.655172413793103,0.75,0.0945
1,3,1.13150684931507,0.0979893054729722,0.210526315789474,0.655172413793103,0.75,0.0945
3,3,1.66027397260274,0.0979893054729722,0.210526315789474,0.655172413793103,0.75,0.0945
3,4,1.95616438356164,0.0979893054729722,0.210526315789474,0.655172413793103,0.75,0.0945
3,4,1.36438356164384,0.0916220392235935,0.394736842105263,0.655172413793103,0.75,0.4725
3,4,1.12054794520548,0.0916220392235935,0.394736842105263,0.655172413793103,0.75,0
3,4,2.03835616438356,0.0916220392235935,0.394736842105263,0.655172413793103,0.75,0
3,3,1.53698630136986,0.0916220392235935,0.394736842105263,0.655172413793103,0.75,0
3,4,2.03835616438356,0.0916220392235935,0.394736842105263,0.655172413793103,0.75,0
3,4,1.12054794520548,0.0916220392235935,0.394736842105263,0.655172413793103,0.75,0
3,3,1.95616438356164,0.0980939545863807,0.394736842105263,0.655172413793103,0.75,0
1,4,0.783561643835616,0.0980939545863807,0.394736842105263,0.655172413793103,0.75,0
1,3,1.09041095890411,0.0980939545863807,0.315789473684211,0.655172413793103,0.75,0.490909090909091
1,4,1.18904109589041,0.0980939545863807,0.315789473684211,0.655172413793103,0.75,0.490909090909091
3,3,1.18904109589041,0.0980939545863807,0.315789473684211,0.655172413793103,0.75,0
3,4,0.397260273972603,0.0980939545863807,0.210526315789474,0.655172413793103,0.75,0
1,1,1.18904109589041,0.0980939545863807,0.210526315789474,0.655172413793103,0.75,0
3,4,0.4,0.0980939545863807,0.210526315789474,0.655172413793103,0.75,0
3,3,1.67123287671233,0.0980939545863807,0.210526315789474,0.655172413793103,0.75,0.0945
1,3,0.397260273972603,0.0980939545863807,0.210526315789474,0.655172413793103,0.75,0.0945
1,1,0.783561643835616,0.0980939545863807,0.210526315789474,0.655172413793103,0.75,0.0945
3,4,1.27397260273973,0.0244923500774889,0.210526315789474,0.655172413793103,0.75,0.4725
3,4,1.12054794520548,0.0244923500774889,0.394736842105263,0.655172413793103,0.75,0
3,3,2.39452054794521,0.0244923500774889,0.394736842105263,0.655172413793103,0.75,0
3,4,1.12054794520548,0.0244923500774889,0.315789473684211,0.655172413793103,0.75,0
3,4,0.832876712328767,0.0244923500774889,0.105263157894737,0.655172413793103,0.75,0
3,3,1.35890410958904,0.0244923500774889,0.105263157894737,0.655172413793103,0.75,0
3,4,1.12328767123288,0.0244923500774889,0.105263157894737,0.655172413793103,0.75,0
3,4,0.832876712328767,0.0244923500774889,0.105263157894737,0.655172413793103,0.75,0
3,3,1.12328767123288,0.0244923500774889,0.105263157894737,0.655172413793103,0.75,0
1,3,1.12328767123288,0.0313195540129606,0.210526315789474,0.655172413793103,0.75,0.208839779005525
1,1,2.45479452054795,0.0313195540129606,0.210526315789474,0.655172413793103,0.75,0
3,3,1.35890410958904,0.0313195540129606,0.394736842105263,0.655172413793103,0.75,0.4725
5,5,0.802739726027397,0.0313195540129606,0.105263157894737,0.482758620689655,0.3,0.63
5,5,0.419178082191781,0.0313195540129606,0.105263157894737,0.482758620689655,0.3,0.63
1,3,0.306849315068493,0.151969390468897,0.210526315789474,0.482758620689655,0,0.0945
1,1,1.88493150684932,0.151969390468897,0.210526315789474,0.482758620689655,0,0.0945
1,1,0.780821917808219,0.151969390468897,0.210526315789474,0.482758620689655,0,0.230487804878049
4,4,0.153424657534247,0.151969390468897,0.210526315789474,0.482758620689655,0,0.023625
4,4,0.684931506849315,0.151969390468897,0.210526315789474,0.482758620689655,0,0.023625
1,1,1.88493150684932,0.0775368484783304,0.473684210526316,0.482758620689655,0,0.378
1,3,0.397260273972603,0.0775368484783304,0.473684210526316,0.482758620689655,0,0.378
1,1,1.88493150684932,0.0775368484783304,0.473684210526316,0.482758620689655,0,0.378
4,4,0.153424657534247,0.0775368484783304,0.473684210526316,0.482758620689655,0,0
1,1,0.967123287671233,0.0775368484783304,0.473684210526316,0.482758620689655,0,0
1,1,0.945205479452055,0.15133002581845,0.473684210526316,0.482758620689655,0,0
1,1,0.923287671232877,0.0775368484783304,0.473684210526316,0.482758620689655,0,0
1,1,1.86849315068493,0.15133002581845,0.473684210526316,0.482758620689655,0,0
1,1,0.945205479452055,0.15133002581845,0.473684210526316,0.482758620689655,0,0
1,1,0.994520547945206,0.15133002581845,0.473684210526316,0.482758620689655,0,0
1,3,1.0027397260274,0.15133002581845,0.473684210526316,0.482758620689655,0,0
3,3,3.04657534246575,0.15133002581845,0.473684210526316,0.482758620689655,0,0
3,4,1.95616438356164,0.15133002581845,0.473684210526316,0.482758620689655,0,0
1,1,0.994520547945206,0.15133002581845,0.473684210526316,0.482758620689655,0,0
1,3,0.923287671232877,0.15133002581845,0.473684210526316,0.482758620689655,0,0.124752475247525
3,3,0.950684931506849,0.15133002581845,0.473684210526316,0.482758620689655,0,0.124752475247525
3,4,3.18904109589041,0.15133002581845,0.473684210526316,0.482758620689655,0,0.124752475247525
3,3,0.950684931506849,0.15133002581845,0.473684210526316,0.482758620689655,0,0.124752475247525
3,4,3.18904109589041,0.15133002581845,0.473684210526316,0.482758620689655,0,0.124752475247525
1,1,3.83561643835616,0.15133002581845,0.473684210526316,0.482758620689655,0,0.124752475247525
1,4,3.26301369863014,0.15133002581845,0.473684210526316,0.482758620689655,0,0.124752475247525
1,1,1.95068493150685,0.15133002581845,0.473684210526316,0.482758620689655,0,0.124752475247525
3,4,1.95616438356164,0.15133002581845,0.473684210526316,0.482758620689655,0,0.124752475247525
1,4,2.91780821917808,0.15133002581845,0.473684210526316,0.482758620689655,0,0.124752475247525
3,3,3.87397260273973,0.15133002581845,0.473684210526316,0.482758620689655,0,0.124752475247525
3,3,1.21643835616438,0.15133002581845,0.473684210526316,0.482758620689655,0,0.124752475247525
1,4,3.26301369863014,0.15133002581845,0.394736842105263,0.655172413793103,0.3,0
1,1,2.84109589041096,0.15133002581845,0.394736842105263,0.655172413793103,0.3,0
1,3,3.1041095890411,0.15133002581845,0.263157894736842,0.655172413793103,0.3,0
1,3,0.964383561643836,0.15133002581845,0.315789473684211,0.655172413793103,0.3,0
3,3,2.64931506849315,0.151969390468897,0.315789473684211,0.482758620689655,0,0.04725
3,4,1.26575342465753,0.151969390468897,0.315789473684211,0.482758620689655,0,0.04725
2,2,2.15616438356164,0.0775368484783304,0.263157894736842,0.482758620689655,0.3,0
2,2,2.15616438356164,0.0775368484783304,0.263157894736842,0.482758620689655,0,0
2,4,1.97808219178082,0.0775368484783304,0.263157894736842,0.482758620689655,0,0
2,4,1.97808219178082,0.0775368484783304,0.263157894736842,0.482758620689655,0,0
3,4,0.153424657534247,0.0775368484783304,0.473684210526316,0.655172413793103,0.75,0.0054
1,3,3.92328767123288,0.0775368484783304,0.473684210526316,0.482758620689655,0,0.378
1,4,2.26849315068493,0.0775368484783304,0.473684210526316,0.482758620689655,0,0.378
3,3,1.15342465753425,0.0775368484783304,0.473684210526316,0.482758620689655,0,0
1,1,2.86301369863014,0.15133002581845,0.473684210526316,0.482758620689655,0,0
1,1,2.84109589041096,0.15133002581845,0.473684210526316,0.482758620689655,0,0
3,3,0.865753424657534,0.15133002581845,0.394736842105263,0.655172413793103,0.3,0.231901840490798
3,4,0.950684931506849,0.15133002581845,0.394736842105263,0.655172413793103,0.3,0.231901840490798
3,3,3.04657534246575,0.15133002581845,0.394736842105263,0.655172413793103,0.3,0.075
3,4,0.947945205479452,0.15133002581845,0.394736842105263,0.655172413793103,0.3,0.075
1,4,1.0027397260274,0.15133002581845,0.394736842105263,0.655172413793103,0.3,0.0756
1,1,0.923287671232877,0.15133002581845,0.263157894736842,0.655172413793103,0.3,0
1,1,0.780821917808219,0.15133002581845,0.263157894736842,0.655172413793103,0.3,0
4,4,0.153424657534247,0.15133002581845,0.263157894736842,0.655172413793103,0.3,0
1,3,3.1041095890411,0.15133002581845,0.263157894736842,0.655172413793103,0.3,0
1,1,0.923287671232877,0.15133002581845,0.263157894736842,0.655172413793103,0.3,0
1,1,0.780821917808219,0.15133002581845,0.263157894736842,0.655172413793103,0.3,0
1,1,1.7041095890411,0.15133002581845,0.315789473684211,0.655172413793103,0.3,0
1,1,1.7041095890411,0.15133002581845,0.315789473684211,0.655172413793103,0.3,0
3,4,0.991780821917808,0.138764812246256,0.210526315789474,0.482758620689655,0,0.161538461538462
1,3,0.476712328767123,0.138764812246256,0.210526315789474,0.482758620689655,0,0
3,3,0.608219178082192,0.138764812246256,0.210526315789474,0.482758620689655,0,0
3,3,1.08767123287671,0.138764812246256,0.210526315789474,0.482758620689655,0.3,0.210702341137124
3,3,0.920547945205479,0.138764812246256,0.421052631578947,0.482758620689655,0.3,0.605769230769231
3,3,0.780821917808219,0.138764812246256,0.421052631578947,0.482758620689655,0.3,0.605769230769231
3,3,0.136986301369863,0.138764812246256,0.421052631578947,0.482758620689655,0.3,0.605769230769231
3,3,1.03561643835616,0.138764812246256,0.421052631578947,0.482758620689655,0.3,0.023625
3,3,1.08767123287671,0.138764812246256,0.421052631578947,0.482758620689655,0.3,0
1,1,3.13424657534247,0.138764812246256,0.421052631578947,0.482758620689655,0.3,0.260689655172414
3,3,0.920547945205479,0.0724857359399053,0.421052631578947,0.862068965517241,0.3,0.0770799347471452
3,4,2.78082191780822,0.0704099011754955,0.421052631578947,0.862068965517241,0.3,0
2,2,0.353424657534247,0.0704099011754955,0.421052631578947,0.862068965517241,0.3,0
2,4,3.72328767123288,0.0702223397922309,0.421052631578947,0.862068965517241,0.3,0.0555882352941176
3,3,1.82739726027397,0.0702223397922309,0.947368421052632,0.862068965517241,0.3,0
2,2,0.391780821917808,0.00377786476119982,0.947368421052632,0.862068965517241,0.3,0
3,4,2.68493150684932,0.0697737267583058,0.421052631578947,0.482758620689655,0.3,0.0715909090909091
3,3,3.24383561643836,0.140312230832518,0.473684210526316,0.482758620689655,0.3,0.180688336520076
3,3,1.23561643835616,0.140312230832518,0.473684210526316,0.482758620689655,0.3,0.129274965800274
3,3,1.11780821917808,0.140312230832518,0.473684210526316,0.482758620689655,0.3,0.129274965800274
3,3,1.23561643835616,0.140312230832518,0.473684210526316,0.482758620689655,0.3,0.0774590163934426
3,5,3.32876712328767,0.140312230832518,0.473684210526316,0.482758620689655,0.3,0.0774590163934426
4,4,0.128767123287671,0.140290642686278,0.578947368421053,0.482758620689655,0.3,0.3024
3,3,2.20821917808219,0.140290642686278,0.578947368421053,0.482758620689655,0.3,0.3024
1,1,1.23835616438356,0.140290642686278,0.5,0.482758620689655,0.3,0.0859090909090909
3,3,1.23835616438356,0.140290642686278,0.5,0.482758620689655,0.3,0.0859090909090909
3,4,2.08493150684932,0.140290642686278,0.5,0.482758620689655,0.3,0.0859090909090909
1,3,3.6986301369863,0.140290642686278,0.578947368421053,0.482758620689655,0.3,0
3,3,0.93972602739726,0.140290642686278,0.578947368421053,0.482758620689655,0.3,0
1,3,3.60547945205479,0.140290642686278,0.578947368421053,0.482758620689655,0.3,0
3,4,1.03561643835616,0.140290642686278,0.578947368421053,0.482758620689655,0.3,0
2,2,2.11232876712329,0.140290642686278,0.578947368421053,0.482758620689655,0.3,0.3
2,2,0.282191780821918,0.140290642686278,0.578947368421053,0.482758620689655,0.3,0.3
3,4,0.846575342465753,0.140290642686278,0.578947368421053,0.482758620689655,0.3,0.3
1,4,1.03561643835616,0.140290642686278,0.578947368421053,0.482758620689655,0.3,0
1,3,3.21917808219178,0.140290642686278,0.578947368421053,0.482758620689655,0.3,0
1,1,2.08493150684932,0.140290642686278,0.578947368421053,0.482758620689655,0.3,0
3,4,1.24109589041096,0.140290642686278,0.578947368421053,0.482758620689655,0.3,0
4,4,0.249315068493151,0.135321225803331,0.210526315789474,0.655172413793103,0.3,0
1,3,0.69041095890411,0.135321225803331,0.210526315789474,0.655172413793103,0.3,0.4725
2,4,2.38356164383562,0.140295887646041,0.289473684210526,0.655172413793103,0.75,0.63
3,4,1.01369863013699,0.140295887646041,0.526315789473684,0.482758620689655,0.3,0.0189075630252101
3,3,0.69041095890411,0.140295887646041,0.526315789473684,0.482758620689655,0.3,0
3,4,1.05479452054795,0.140295887646041,0.526315789473684,0.482758620689655,0.3,0
3,4,0.69041095890411,0.140295887646041,0.526315789473684,0.482758620689655,0.3,0
4,4,0.646575342465753,0.140295887646041,0.526315789473684,0.482758620689655,0.3,0.525
2,4,0.0931506849315069,0.140295887646041,0.526315789473684,0.482758620689655,0.3,0.525
3,3,0.93972602739726,0.140295887646041,0.526315789473684,0.482758620689655,0.3,0
3,4,2.57534246575342,0.140295887646041,0.526315789473684,0.482758620689655,0.3,0
1,3,1.24109589041096,0.140295887646041,0.526315789473684,0.482758620689655,0.3,0
2,2,2.74794520547945,0.0887588454286296,0.578947368421053,0.655172413793103,0.75,0.427601809954751
2,2,1.74794520547945,0.0887588454286296,0.578947368421053,0.655172413793103,0.75,0.63
1,3,0.93972602739726,0.0887588454286296,0.578947368421053,0.482758620689655,0.3,0.63
3,3,0.69041095890411,0.0887588454286296,0.578947368421053,0.482758620689655,0.3,0.63
2,2,1,0.0887588454286296,0.578947368421053,0.482758620689655,0.3,0.63
2,2,0.410958904109589,0.0887588454286296,0.368421052631579,0.482758620689655,0.3,0.63
1,3,2.89041095890411,0.140275644534586,0.473684210526316,0.482758620689655,0.3,0
3,4,1.24109589041096,0.140275644534586,0.473684210526316,0.482758620689655,0.3,0
3,3,1.88493150684932,0.140275644534586,0.473684210526316,0.482758620689655,0.3,0.0598101265822785
3,3,0.69041095890411,0.140275644534586,0.473684210526316,0.482758620689655,0.3,0.0598101265822785
3,4,2.07123287671233,0.140275644534586,0.473684210526316,0.482758620689655,0.3,0.0598101265822785
2,4,0.484931506849315,0.140275644534586,0.473684210526316,0.482758620689655,0.3,0.0598101265822785
1,1,0.93972602739726,0.140275644534586,0.473684210526316,0.482758620689655,0.3,0.0598101265822785
1,1,0.69041095890411,0.140275644534586,0.473684210526316,0.482758620689655,0.3,0.0598101265822785
1,3,2.04383561643836,0.140275644534586,0.578947368421053,0.482758620689655,0.3,0.296703296703297
3,4,0.846575342465753,0.140275644534586,0.578947368421053,0.482758620689655,0.3,0.296703296703297
1,3,0.693150684931507,0.133090583618298,0.578947368421053,0.482758620689655,0.3,0.520661157024793
3,3,1.26849315068493,0.140319753564754,0.473684210526316,0.482758620689655,0.3,0
3,3,1.97808219178082,0.140319753564754,0.473684210526316,0.482758620689655,0.3,0
1,3,2.89041095890411,0.140319753564754,0.473684210526316,0.482758620689655,0.3,0
3,3,0.693150684931507,0.140319753564754,0.473684210526316,0.482758620689655,0.3,0.118346900438322
3,4,1.03287671232877,0.140319753564754,0.473684210526316,0.482758620689655,0.3,0.118346900438322
1,1,0.693150684931507,0.140319753564754,0.473684210526316,0.482758620689655,0.3,0.118346900438322
1,4,0.923287671232877,0.140319753564754,0.473684210526316,0.482758620689655,0.3,0.118346900438322
1,4,1.63287671232877,0.140319753564754,0.473684210526316,0.482758620689655,0.3,0.118346900438322
3,3,1.03287671232877,0.140319753564754,0.473684210526316,0.482758620689655,0.3,0.118346900438322
3,4,1.03561643835616,0.140319753564754,0.473684210526316,0.482758620689655,0.3,0
1,3,3.60821917808219,0.140319753564754,0.473684210526316,0.482758620689655,0.3,0
3,4,1.03561643835616,0.140319753564754,0.473684210526316,0.482758620689655,0.3,0
1,1,3.63287671232877,0.140319753564754,0.473684210526316,0.482758620689655,0.3,0
1,3,3.7972602739726,0.140319753564754,0.473684210526316,0.482758620689655,0.3,0
3,4,0.865753424657534,0.140319753564754,0.473684210526316,0.482758620689655,0.3,0
3,4,1.95616438356164,0.140319753564754,0.473684210526316,0.482758620689655,0.3,0.121935483870968
1,3,3.63287671232877,0.140319753564754,0.473684210526316,0.482758620689655,0.3,0.121935483870968
3,4,1.74794520547945,0.140319753564754,0.473684210526316,0.482758620689655,0.3,0.123529411764706
1,3,1.95616438356164,0.140319753564754,0.473684210526316,0.482758620689655,0.3,0.118125
4,4,0.323287671232877,0.140319753564754,0.368421052631579,0.482758620689655,0.3,0.121543408360129
2,2,1.1972602739726,0.140319753564754,0.368421052631579,0.482758620689655,0.3,0
1,4,1.97808219178082,0.140319753564754,0.368421052631579,0.482758620689655,0.3,0
1,1,1.12876712328767,0.140319753564754,0.368421052631579,0.482758620689655,0.3,0
1,3,2.91506849315068,0.140319753564754,0.368421052631579,0.482758620689655,0.3,0
3,4,0.693150684931507,0.140319753564754,0.368421052631579,0.482758620689655,0.3,0
3,4,1.95616438356164,0.140319753564754,0.210526315789474,0.482758620689655,0.3,0
2,2,2.92602739726027,0.131286858177451,0.368421052631579,0.482758620689655,0.3,0.417218543046358
3,3,3.21917808219178,0.138876260882244,0.421052631578947,0.655172413793103,0.75,0
4,5,0.334246575342466,0.138876260882244,0.421052631578947,0.655172413793103,0.75,0
1,1,1.12876712328767,0.138876260882244,0.578947368421053,0.655172413793103,0.75,0.405579399141631
1,3,2.04383561643836,0.138876260882244,0.526315789473684,0.655172413793103,0.75,0.405579399141631
2,3,2.24657534246575,0.138876260882244,0.526315789473684,0.655172413793103,0.75,0
3,4,2.89041095890411,0.138876260882244,0.526315789473684,0.655172413793103,0.75,0
2,2,0.391780821917808,0.138876260882244,0.526315789473684,0.655172413793103,0.75,0
2,4,0.843835616438356,0.133688441441552,0.578947368421053,0.482758620689655,0.3,0.63
4,5,0.131506849315068,0.138499455132492,0.473684210526316,0.655172413793103,0.3,0.121935483870968
1,3,1.95616438356164,0.138499455132492,0.368421052631579,0.482758620689655,0.3,0.119620253164557
1,1,0.693150684931507,0.138499455132492,0.368421052631579,0.482758620689655,0.3,0.119620253164557
2,2,3.72054794520548,0.138499455132492,0.578947368421053,0.482758620689655,0.3,0
3,3,1.03835616438356,0.138499455132492,0.421052631578947,0.482758620689655,0.3,0
1,1,1.78630136986301,0.138499455132492,0.315789473684211,0.482758620689655,0.3,0
1,1,0.69041095890411,0.138499455132492,0.315789473684211,0.482758620689655,0.3,0
1,3,3.01369863013699,0.138499455132492,0.315789473684211,0.482758620689655,0.3,0
1,1,0.69041095890411,0.138499455132492,0.421052631578947,0.482758620689655,0.3,0
1,4,1.97808219178082,0.138499455132492,0.421052631578947,0.482758620689655,0.3,0
1,1,0.69041095890411,0.138499455132492,0.421052631578947,0.482758620689655,0.3,0
1,4,1.97808219178082,0.138499455132492,0.421052631578947,0.482758620689655,0.3,0
1,4,2.89041095890411,0.138499455132492,0.421052631578947,0.482758620689655,0.3,0
3,3,0.936986301369863,0.138499455132492,0.473684210526316,0.482758620689655,0.3,0
2,4,1.15342465753425,0.0900096669474883,0.289473684210526,0.655172413793103,0.3,0.536931818181818
1,1,1.03287671232877,0.0900096669474883,0.289473684210526,0.655172413793103,0.3,0
1,1,0.0958904109589041,0.0900096669474883,0.289473684210526,0.655172413793103,0.3,0
